transaction_id,product_id,customer_id,transaction_date,online_order,brand,automatic,product_class,product_size,standard_cost
15338,S2,465,2021-12-25,1.0,S,1,2,2,53.62
13698,N0,2867,2021-01-29,1.0,N,1,2,2,270.3
11896,T49,610,2021-04-09,1.0,T,0,2,2,400.13
1677,N82,41,2021-04-14,1.0,N,1,3,2,689.18
19068,O40,155,2021-08-02,1.0,O,1,3,2,874.9
13456,N28,209,2021-06-19,0.0,N,1,2,3,1082.36
760,S8,1068,2021-06-21,1.0,S,0,2,3,1516.13
14401,T14,1906,2021-12-06,0.0,T,1,2,3,1234.29
644,S97,1841,2021-08-19,0.0,S,1,2,1,151.96
12979,G4,1546,2021-01-22,0.0,G,1,3,2,677.48
16084,T70,39,2021-08-15,1.0,T,1,3,2,297.43
9735,G69,2041,2021-01-15,0.0,G,0,2,2,594.68
8819,N90,3274,2021-04-11,0.0,N,1,1,2,290.41
4865,S18,3389,2021-07-01,1.0,S,1,2,2,431.45
8185,S38,1178,2021-09-06,1.0,S,1,2,2,826.51
3592,W93,371,2021-03-03,0.0,W,1,2,2,230.09
19596,S24,1661,2021-03-10,1.0,S,0,2,1,820.78
19239,S21,426,2021-05-31,1.0,S,1,2,1,380.74
1018,N43,1910,2021-12-12,0.0,N,1,2,2,818.01
5250,N18,578,2021-06-13,1.0,N,1,3,2,689.18
18324,G0,2387,2021-06-30,1.0,G,1,2,2,173.18
19457,T64,2524,2021-02-14,0.0,T,1,2,1,596.55
910,T84,3285,2021-12-10,1.0,T,0,2,2,215.14
17980,S62,2895,2021-02-13,0.0,S,1,2,2,298.72
4299,W93,2778,2021-11-25,0.0,W,1,2,2,230.09
4220,S97,3391,2021-09-27,0.0,S,1,2,1,151.96
9189,N0,3251,2021-12-14,1.0,N,1,1,2,290.41
1240,O6,346,2021-04-25,1.0,O,1,3,2,136.73
8815,O52,338,2021-12-19,1.0,O,0,2,2,829.51
101,N18,2347,2021-07-26,0.0,N,1,3,2,689.18
17818,N9,197,2021-07-16,1.0,N,1,2,3,1082.36
14116,T70,942,2021-01-08,0.0,T,1,3,2,297.43
3190,T84,489,2021-07-13,0.0,T,0,2,2,215.14
7879,W22,1732,2021-09-23,1.0,W,1,2,2,45.26
18652,W74,1940,2021-10-14,0.0,W,1,2,2,950.52
17569,S0,1894,2021-07-19,1.0,S,1,2,2,53.62
8843,W26,570,2021-11-01,0.0,W,1,2,2,762.63
13997,N0,3251,2021-11-26,1.0,N,1,2,2,270.3
1366,W65,1793,2021-02-19,1.0,W,1,2,2,778.69
8114,S45,1473,2021-11-27,1.0,S,1,2,2,84.99
9076,N15,1906,2021-05-23,1.0,N,1,1,2,748.9
17307,T98,2673,2021-02-12,0.0,T,1,3,2,215.03
13440,T64,2837,2021-07-29,0.0,T,1,2,1,596.55
8121,S24,2409,2021-02-26,1.0,S,0,2,1,820.78
17270,O51,2715,2021-05-21,1.0,O,1,3,2,1203.4
8300,T14,2905,2021-09-26,1.0,T,1,2,3,1234.29
15021,N77,3115,2021-06-08,0.0,N,0,2,1,795.1
18985,G39,3412,2021-05-26,0.0,G,1,2,1,582.48
19473,T64,3328,2021-11-19,0.0,T,1,2,1,596.55
10210,S97,32,2021-05-08,0.0,S,1,2,1,151.96
3669,N67,1324,2021-07-08,0.0,N,0,2,2,376.84
12600,T47,1905,2021-03-08,0.0,T,0,1,3,1531.42
19458,G32,1912,2021-03-11,1.0,G,1,3,2,707.4
4455,W91,1616,2021-06-15,0.0,W,1,1,2,513.85
8333,N29,3217,2021-02-21,0.0,N,0,2,2,407.54
18899,T84,1319,2021-07-06,0.0,T,0,2,2,215.14
9750,S62,41,2021-04-17,0.0,S,1,2,2,298.72
14624,S30,1182,2021-05-16,0.0,S,1,3,2,448.9
9742,O42,1319,2021-12-13,0.0,O,0,2,3,1610.9
15835,W76,1793,2021-08-09,0.0,W,1,1,2,513.85
3702,S21,1400,2021-11-03,1.0,S,1,2,1,380.74
14313,W54,2919,2021-03-08,1.0,W,1,2,2,778.69
15075,T55,2041,2021-01-27,1.0,T,0,2,1,598.76
6702,W59,2512,2021-05-03,0.0,W,1,2,3,1259.36
6437,G5,2867,2021-03-15,1.0,G,1,3,2,677.48
14753,W65,707,2021-01-15,1.0,W,1,2,2,778.69
2814,S81,3011,2021-06-03,1.0,S,1,2,2,649.49
19743,S62,1451,2021-07-25,1.0,S,1,2,2,298.72
15761,G4,2269,2021-02-21,1.0,G,1,3,2,677.48
3812,T47,2937,2021-08-28,1.0,T,0,1,3,1531.42
5340,S71,3421,2021-12-01,0.0,S,1,3,1,1105.75
13387,S2,1732,2021-02-28,0.0,S,1,2,2,53.62
19745,S41,121,2021-09-09,0.0,S,0,2,2,312.74
12531,W50,2484,2021-12-02,1.0,W,1,2,3,131.92
123,W31,1453,2021-03-04,1.0,W,1,2,2,205.36
4109,S43,47,2021-07-14,1.0,S,1,2,2,649.49
19503,W93,121,2021-08-20,1.0,W,1,2,2,230.09
19878,N67,2528,2021-06-07,0.0,N,0,2,2,376.84
10932,G39,2555,2021-07-21,0.0,G,1,2,1,582.48
3121,S45,827,2021-05-04,1.0,S,1,2,2,84.99
1227,S71,2152,2021-07-04,0.0,S,1,3,1,1105.75
7625,W76,1068,2021-08-25,0.0,W,1,1,2,513.85
11077,S45,3083,2021-02-07,1.0,S,1,2,2,84.99
7156,O25,2347,2021-09-16,0.0,O,1,3,2,1203.4
8363,S30,868,2021-03-30,1.0,S,1,3,2,448.9
16424,N29,746,2021-11-16,0.0,N,0,2,2,407.54
13856,N86,2125,2021-01-27,1.0,N,0,3,1,464.72
9139,T55,2847,2021-10-12,0.0,T,0,2,1,598.76
14360,N0,3485,2021-03-04,0.0,N,1,2,2,270.3
10537,T49,2939,2021-09-06,0.0,T,0,2,2,400.13
14242,N16,1732,2021-05-27,0.0,N,1,3,3,1479.11
16138,G69,2155,2021-10-31,1.0,G,0,2,2,594.68
16764,S30,1783,2021-07-29,0.0,S,1,3,2,448.9
14819,O97,469,2021-09-13,1.0,O,0,2,2,667.4
14451,N0,2266,2021-10-26,0.0,N,0,2,2,376.84
8159,O40,1227,2021-10-10,1.0,O,1,3,2,874.9
11334,N34,2555,2021-01-09,1.0,N,0,3,1,464.72
13355,W50,1353,2021-09-22,0.0,W,1,2,3,131.92
2664,O42,2715,2021-09-16,0.0,O,0,2,3,1610.9
7179,W92,1379,2021-09-04,0.0,W,1,2,3,1259.36
4396,N41,2384,2021-01-25,1.0,N,1,1,2,748.9
12103,T49,39,2021-02-08,0.0,T,0,2,2,400.13
1642,T64,2740,2021-08-28,0.0,T,1,2,1,596.55
10277,T27,47,2021-03-09,0.0,T,1,2,2,388.72
12639,S0,2266,2021-01-02,1.0,S,1,2,2,84.99
19995,O9,718,2021-05-12,1.0,O,0,2,2,667.4
6868,N16,1490,2021-10-22,0.0,N,1,3,3,1479.11
14931,G31,1,2021-12-13,1.0,G,1,2,2,173.18
2912,N18,2347,2021-10-03,1.0,N,1,3,2,689.18
7338,W96,1191,2021-05-25,1.0,W,0,1,3,1043.77
8496,N23,3484,2021-02-27,1.0,N,1,2,2,381.1
6995,N34,1546,2021-07-01,0.0,N,0,3,1,464.72
15770,S21,3391,2021-12-10,1.0,S,1,2,1,380.74
16064,S14,3095,2021-03-05,0.0,S,1,3,1,1105.75
8253,G94,1751,2021-10-08,1.0,G,1,2,1,993.66
1883,S43,3470,2021-06-26,0.0,S,1,2,2,649.49
16011,S22,3053,2021-03-19,1.0,S,1,2,2,431.45
17228,S30,1191,2021-09-30,1.0,S,1,3,2,448.9
5062,G94,1057,2021-11-11,,G,1,2,1,993.66
8553,N29,1341,2021-12-19,0.0,N,0,2,2,407.54
5460,G39,1732,2021-05-22,0.0,G,1,2,1,582.48
1355,W92,1864,2021-02-27,,W,1,2,3,1259.36
5595,W26,3264,2021-07-18,0.0,W,1,2,2,762.63
5254,G1,2740,2021-10-04,1.0,G,1,2,2,954.82
11889,O40,1252,2021-12-20,1.0,O,1,3,2,874.9
10280,S52,1772,2021-07-10,1.0,S,0,2,1,820.78
8167,N70,748,2021-06-05,0.0,N,0,2,2,206.35
1821,G35,1821,2021-07-18,1.0,G,1,2,2,954.82
1122,S0,1147,2021-06-10,0.0,S,1,2,2,53.62
16219,S67,237,2021-01-29,1.0,S,1,2,1,380.74
3465,W22,1581,2021-03-08,0.0,W,1,2,2,45.26
9616,W22,1191,2021-11-15,1.0,W,1,2,2,45.26
18327,S24,2351,2021-03-03,0.0,S,0,2,1,820.78
4083,O9,456,2021-01-02,1.0,O,0,2,2,667.4
18270,N0,237,2021-09-16,0.0,N,0,2,2,407.54
2382,T49,1562,2021-01-06,1.0,T,0,2,2,400.13
3200,W0,247,2021-01-20,1.0,W,1,2,3,131.92
14518,W92,456,2021-04-14,0.0,W,1,2,3,1259.36
1518,G39,2550,2021-12-02,0.0,G,1,2,1,582.48
16394,G60,3228,2021-04-06,0.0,G,1,3,3,1759.85
16681,G94,2627,2021-06-18,0.0,G,1,2,1,993.66
5623,O6,2463,2021-10-26,1.0,O,1,3,2,136.73
14218,G89,3221,2021-02-11,0.0,G,1,2,1,582.48
2436,O9,1182,2021-07-21,1.0,O,0,2,2,667.4
11899,T49,1864,2021-01-13,1.0,T,0,2,2,400.13
8907,T100,1343,2021-01-06,1.0,T,1,2,3,1234.29
3330,N23,3251,2021-03-13,0.0,N,1,2,2,381.1
12818,T99,1004,2021-03-22,0.0,T,0,1,3,1531.42
17014,O6,1400,2021-04-02,1.0,O,1,3,2,136.73
6665,S62,3408,2021-11-17,0.0,S,1,2,2,298.72
6280,S8,3470,2021-09-17,0.0,S,0,2,3,1516.13
2315,S36,3402,2021-02-23,1.0,S,1,1,2,507.58
11608,T14,464,2021-07-14,1.0,T,1,2,3,1234.29
14521,S43,3217,2021-03-07,0.0,S,1,2,2,649.49
7059,N88,592,2021-03-04,1.0,N,1,2,2,381.1
12859,S62,1783,2021-02-12,0.0,S,1,2,2,298.72
5471,G53,469,2021-09-19,0.0,G,1,3,2,764.96
14639,N81,3225,2021-07-06,0.0,N,1,2,3,521.94
2035,O56,2935,2021-11-14,1.0,O,1,2,2,137.9
3690,O51,2799,2021-03-15,0.0,O,1,3,2,1203.4
7228,N16,1745,2021-01-17,0.0,N,1,3,3,1479.11
18562,T98,1566,2021-01-04,1.0,T,1,3,2,215.03
18355,W96,338,2021-03-06,0.0,W,0,1,3,1043.77
581,O52,2618,2021-12-18,0.0,O,0,2,2,829.51
10863,W0,2125,2021-11-12,0.0,W,1,2,3,131.92
1643,S90,2867,2021-09-25,0.0,S,1,1,2,507.58
19217,G7,2125,2021-05-02,0.0,G,1,2,3,1167.18
7685,T98,2847,2021-11-15,0.0,T,1,3,2,215.03
2835,S41,836,2021-05-29,0.0,S,0,2,2,312.74
13812,W92,3366,2021-06-15,0.0,W,1,2,3,1259.36
14537,G87,834,2021-12-11,1.0,G,1,3,2,707.4
13936,T100,2162,2021-02-21,0.0,T,1,2,3,1234.29
4418,S97,3408,2021-06-26,0.0,S,1,2,1,151.96
15389,G0,748,2021-10-29,1.0,G,1,2,2,173.18
14020,S97,3328,2021-08-15,0.0,S,1,2,1,151.96
2254,S45,1653,2021-02-14,1.0,S,1,2,2,84.99
3112,G82,656,2021-05-04,1.0,G,0,2,2,829.65
14623,S59,2740,2021-08-14,0.0,S,1,2,1,733.58
391,N86,3484,2021-10-11,0.0,N,0,3,1,464.72
11615,N67,1057,2021-09-08,1.0,N,0,2,2,376.84
18034,G60,2816,2021-03-10,0.0,G,1,3,3,1759.85
13674,O40,553,2021-11-17,1.0,O,1,3,2,874.9
13855,G11,236,2021-08-17,0.0,G,1,3,2,764.96
17836,S43,814,2021-07-21,0.0,S,1,2,2,649.49
11588,T64,1490,2021-10-16,1.0,T,1,2,1,596.55
9601,T45,2919,2021-01-19,0.0,T,0,1,2,234.43
13923,S13,2558,2021-01-16,0.0,S,1,2,2,826.51
10887,T70,1564,2021-02-19,0.0,T,1,3,2,297.43
8277,O9,524,2021-05-23,1.0,O,0,2,2,667.4
9310,S21,1451,2021-01-12,1.0,S,1,2,1,380.74
3106,S62,2816,2021-10-07,1.0,S,1,2,2,298.72
3310,W50,1639,2021-11-29,0.0,W,1,2,3,131.92
10440,O30,3251,2021-09-28,1.0,O,1,2,2,770.89
4576,O52,2935,2021-01-31,0.0,O,0,2,2,829.51
538,W74,1042,2021-03-22,0.0,W,1,2,2,950.52
12403,G4,2007,2021-06-25,,G,1,3,2,677.48
6401,O6,723,2021-02-21,0.0,O,1,3,2,136.73
19922,N0,1869,2021-01-05,1.0,N,0,2,2,407.54
7502,W50,2860,2021-12-21,1.0,W,1,2,3,131.92
1987,T20,1883,2021-05-31,1.0,T,1,2,3,1580.47
19675,S43,2173,2021-01-22,0.0,S,1,2,2,649.49
12953,N100,47,2021-08-21,0.0,N,0,2,2,206.35
6487,G53,311,2021-06-16,0.0,G,1,3,2,764.96
13692,N67,426,2021-09-28,0.0,N,0,2,2,376.84
18239,N15,2528,2021-02-04,1.0,N,1,1,2,748.9
4804,N16,2041,2021-10-10,0.0,N,1,3,3,1479.11
2735,G95,524,2021-05-15,0.0,G,1,2,1,528.43
9551,S91,2935,2021-12-12,0.0,S,1,2,2,75.26
6819,N28,1171,2021-04-30,0.0,N,1,2,3,1082.36
9040,W65,2860,2021-01-07,1.0,W,1,2,2,778.69
3915,W22,1207,2021-03-10,1.0,W,1,2,2,45.26
19331,S18,1762,2021-10-24,0.0,S,1,2,2,431.45
11202,N41,2141,2021-10-14,0.0,N,1,1,2,748.9
15815,N79,943,2021-07-01,,N,1,2,2,818.01
16638,T55,2740,2021-07-14,0.0,T,0,2,1,598.76
2779,S2,2635,2021-07-06,0.0,S,1,2,2,53.62
2248,N0,296,2021-12-21,0.0,N,1,1,2,290.41
941,S52,1072,2021-04-11,0.0,S,0,2,1,820.78
4538,N88,1379,2021-05-12,1.0,N,1,2,2,381.1
6858,W85,2041,2021-04-12,0.0,W,1,2,2,205.36
3857,G1,984,2021-10-12,0.0,G,1,2,2,954.82
173,N100,2528,2021-11-15,0.0,N,0,2,2,206.35
3801,N67,1906,2021-10-18,0.0,N,0,2,2,376.84
13915,G11,728,2021-09-20,0.0,G,1,3,2,764.96
18739,T47,2416,2021-05-21,0.0,T,0,1,3,1531.42
17686,O99,984,2021-11-03,0.0,O,1,2,2,770.89
14362,S17,2173,2021-07-25,0.0,S,1,3,2,614.8
12041,W63,1577,2021-09-21,1.0,W,1,2,2,762.63
13752,W48,1353,2021-04-18,1.0,W,1,2,2,950.52
6718,G95,576,2021-06-08,0.0,G,1,2,1,528.43
17587,O0,1993,2021-06-16,0.0,O,1,2,2,137.9
11459,G11,1506,2021-08-04,0.0,G,1,3,2,764.96
14149,N81,1797,2021-11-05,0.0,N,1,2,3,521.94
2385,N16,3421,2021-05-07,1.0,N,1,3,3,1479.11
18283,S43,594,2021-09-29,1.0,S,1,2,2,649.49
637,W96,524,2021-02-13,0.0,W,0,1,3,1043.77
15461,W48,827,2021-03-24,1.0,W,1,2,2,950.52
13908,G94,814,2021-11-11,0.0,G,1,2,1,993.66
8315,G4,3412,2021-11-15,0.0,G,1,3,2,677.48
10219,N0,2458,2021-10-06,0.0,N,0,2,2,407.54
2732,O19,2155,2021-01-30,1.0,O,0,3,1,32.445
11472,N29,1068,2021-06-04,1.0,N,0,2,2,407.54
17735,G11,868,2021-07-19,0.0,G,1,3,2,764.96
1538,O51,93,2021-10-11,0.0,O,1,3,2,1203.4
3561,S30,39,2021-09-22,0.0,S,1,3,2,448.9
9359,G39,3115,2021-04-12,0.0,G,1,2,1,582.48
3536,S0,1691,2021-12-27,1.0,S,1,2,2,84.99
16777,G12,2141,2021-05-16,1.0,G,1,2,1,709.48
5138,T14,1762,2021-01-10,0.0,T,1,2,3,1234.29
523,T84,2234,2021-01-06,1.0,T,0,2,2,215.14
12110,S38,1775,2021-01-22,1.0,S,1,2,2,826.51
7420,G35,3221,2021-06-25,1.0,G,1,2,2,954.82
959,O9,2758,2021-02-14,0.0,O,0,2,2,667.4
1591,S22,2251,2021-06-06,1.0,S,1,2,2,431.45
3838,O51,2158,2021-02-05,0.0,O,1,3,2,1203.4
9668,T49,1054,2021-06-20,1.0,T,0,2,2,400.13
17814,G69,1054,2021-05-15,1.0,G,0,2,2,594.68
3765,S38,1,2021-04-05,0.0,S,1,2,2,826.51
17252,W26,346,2021-06-04,1.0,W,1,2,2,762.63
3879,N79,2155,2021-11-23,1.0,N,1,2,2,818.01
508,S91,3389,2021-03-23,0.0,S,1,2,2,75.26
12890,G53,1912,2021-11-10,1.0,G,1,3,2,764.96
11827,S67,3208,2021-09-20,1.0,S,1,2,1,380.74
19824,S71,2528,2021-10-21,1.0,S,1,3,1,1105.75
911,S36,2473,2021-05-10,1.0,S,1,1,2,507.58
7926,W50,1864,2021-11-28,0.0,W,1,2,3,131.92
5851,S43,3150,2021-04-22,0.0,S,1,2,2,649.49
12330,G69,464,2021-04-04,1.0,G,0,2,2,594.68
15646,G33,2837,2021-01-03,0.0,G,1,2,3,1167.18
13972,G25,1473,2021-04-21,0.0,G,0,2,2,829.65
11563,G1,570,2021-10-17,0.0,G,1,2,2,954.82
16591,N0,2867,2021-01-25,0.0,N,1,2,2,270.3
3318,S24,2418,2020-12-31,1.0,S,0,2,1,820.78
15470,S45,1793,2021-10-30,1.0,S,1,2,2,84.99
18646,N82,1353,2021-01-16,0.0,N,1,3,2,689.18
13653,G84,311,2021-10-29,1.0,G,0,2,2,594.68
8086,G25,981,2021-05-18,1.0,G,0,2,2,829.65
15405,G32,2687,2021-01-06,1.0,G,1,3,2,707.4
9356,N0,469,2021-06-17,1.0,N,1,2,2,270.3
18485,S81,1833,2021-06-07,1.0,S,1,2,2,649.49
11938,S18,889,2021-04-01,0.0,S,1,2,2,431.45
19246,W50,2473,2021-03-08,1.0,W,1,2,3,131.92
15,G12,247,2021-06-10,0.0,G,1,2,1,709.48
17249,O0,197,2021-10-05,1.0,O,1,1,2,56.93
17890,N67,3327,2021-01-26,,N,0,2,2,376.84
6478,W50,328,2021-02-02,0.0,W,1,2,3,131.92
16103,N100,2837,2021-08-23,1.0,N,0,2,2,206.35
14598,N82,594,2021-11-26,1.0,N,1,3,2,689.18
12871,G32,2492,2021-03-06,0.0,G,1,3,2,707.4
8417,T49,1233,2021-09-30,0.0,T,0,2,2,400.13
8878,S0,2867,2021-07-13,0.0,S,1,2,2,53.62
12073,S2,1207,2021-02-22,,S,1,2,2,53.62
1027,W93,2032,2021-06-22,0.0,W,1,2,2,230.09
13940,W0,1340,2021-02-23,0.0,W,1,2,2,45.26
19102,O0,3221,2021-05-05,1.0,O,1,3,2,136.73
2698,G96,1074,2021-09-19,0.0,G,1,2,1,993.66
14454,G66,3303,2021-04-15,1.0,G,0,1,3,525.33
18628,G96,1894,2021-10-17,1.0,G,1,2,1,993.66
328,T98,372,2021-10-16,1.0,T,1,3,2,215.03
16571,W65,41,2021-11-30,1.0,W,1,2,2,778.69
1514,N34,1171,2021-08-22,0.0,N,0,3,1,464.72
13434,N88,594,2021-04-17,0.0,N,1,2,2,381.1
1933,G89,119,2021-08-08,0.0,G,1,2,1,582.48
13511,W48,2816,2021-08-02,1.0,W,1,2,2,950.52
4631,S62,746,2021-03-04,0.0,S,1,2,2,298.72
808,O99,2158,2021-11-09,0.0,O,1,2,2,770.89
7139,N9,1453,2021-12-28,0.0,N,1,2,3,1082.36
4927,T49,1566,2021-10-04,0.0,T,0,2,2,400.13
3326,T99,1340,2021-10-03,1.0,T,0,1,3,1531.42
974,G39,2860,2021-11-30,0.0,G,1,2,1,582.48
7503,S2,2351,2021-07-23,1.0,S,1,2,2,53.62
5600,G87,93,2021-01-29,1.0,G,1,3,2,707.4
14940,S24,570,2021-11-24,0.0,S,0,2,1,820.78
9048,T47,2127,2021-11-27,0.0,T,0,1,3,1531.42
2774,S14,1147,2021-04-26,0.0,S,1,3,1,1105.75
6005,W65,707,2021-09-09,0.0,W,1,2,2,778.69
1276,T14,1978,2021-01-19,0.0,T,1,2,3,1234.29
11969,S17,1884,2021-12-05,1.0,S,1,3,2,614.8
5456,G1,3274,2021-11-29,0.0,G,1,2,2,954.82
13944,S0,578,2021-05-17,1.0,S,1,2,2,84.99
5157,T47,1,2021-05-10,0.0,T,0,1,3,1531.42
12378,W50,1365,2021-01-20,0.0,W,1,2,3,131.92
3155,G32,3487,2021-05-16,0.0,G,1,3,2,707.4
7520,O97,3208,2021-08-02,0.0,O,0,2,2,667.4
6776,T64,610,2021-08-29,0.0,T,1,2,1,596.55
9862,W65,2657,2021-06-07,1.0,W,1,2,2,778.69
1630,S91,1977,2021-10-30,0.0,S,1,2,2,75.26
8130,W85,2351,2021-02-14,1.0,W,1,2,2,205.36
19379,G32,298,2021-12-18,0.0,G,1,3,2,707.4
11739,N0,2805,2021-12-26,1.0,N,0,2,2,376.84
11224,W0,1094,2021-04-11,0.0,W,1,2,2,45.26
13282,G39,2269,2021-06-05,0.0,G,1,2,1,582.48
5141,W50,157,2021-08-16,0.0,W,1,2,3,131.92
12988,T40,2492,2021-08-11,1.0,T,0,2,1,598.76
9110,S13,1286,2021-10-29,0.0,S,1,2,2,826.51
1701,N9,2266,2021-06-09,0.0,N,1,2,3,1082.36
13805,O93,1616,2021-02-05,0.0,O,1,3,2,874.9
13710,S59,2749,2021-11-25,0.0,S,1,2,1,733.58
4974,N79,156,2021-01-24,1.0,N,1,2,2,818.01
11505,N41,748,2021-10-13,1.0,N,1,1,2,748.9
2265,G95,834,2021-09-27,0.0,G,1,2,1,528.43
12674,O52,1849,2021-08-01,1.0,O,0,2,2,829.51
18172,S62,738,2021-08-24,0.0,S,1,2,2,298.72
3893,S38,2627,2021-08-11,0.0,S,1,2,2,826.51
12508,W48,2528,2021-10-14,1.0,W,1,2,2,950.52
14802,W91,2393,2021-08-29,1.0,W,1,1,2,513.85
7199,S45,94,2021-11-26,1.0,S,1,2,2,84.99
780,G94,1608,2021-09-30,0.0,G,1,2,1,993.66
1472,T27,2715,2021-06-26,1.0,T,1,2,2,388.72
10086,W65,1783,2021-06-27,1.0,W,1,2,2,778.69
10997,N67,1751,2021-12-17,0.0,N,0,2,2,376.84
3016,W31,2251,2021-06-25,0.0,W,1,2,2,205.36
16642,G4,455,2021-10-03,1.0,G,1,3,2,677.48
19261,N72,1745,2021-12-24,0.0,N,1,2,2,270.3
9174,G95,3132,2021-08-20,0.0,G,1,2,1,528.43
13663,N16,2570,2021-08-28,0.0,N,1,3,3,1479.11
19686,G78,2635,2021-02-02,0.0,G,1,2,1,709.48
15905,W26,806,2021-01-30,0.0,W,1,2,2,762.63
8927,G78,1400,2021-01-06,1.0,G,1,2,1,709.48
9703,S38,1324,2021-03-31,1.0,S,1,2,2,826.51
19730,G11,827,2021-08-27,1.0,G,1,3,2,764.96
17211,G11,553,2021-08-22,0.0,G,1,3,2,764.96
1611,W48,837,2021-06-05,0.0,W,1,2,2,950.52
14977,O97,1772,2021-07-14,0.0,O,0,2,2,667.4
9318,N67,2618,2021-06-21,1.0,N,0,2,2,376.84
12270,O40,1864,2021-06-09,0.0,O,1,3,2,874.9
2935,O0,1910,2021-09-05,1.0,O,1,1,2,56.93
1906,O6,1884,2021-02-25,1.0,O,1,3,2,136.73
9892,N28,2740,2021-08-12,1.0,N,1,2,3,1082.36
5366,N16,2490,2021-10-06,0.0,N,1,3,3,1479.11
5198,G11,2937,2021-10-15,1.0,G,1,3,2,764.96
13319,W50,1191,2021-03-17,0.0,W,1,2,3,131.92
10553,W50,1353,2021-04-15,0.0,W,1,2,3,131.92
13742,O61,2530,2021-06-11,0.0,O,1,1,2,56.93
19417,T14,338,2021-08-10,1.0,T,1,2,3,1234.29
8744,S0,1894,2021-11-23,0.0,S,1,2,2,53.62
604,W96,2490,2021-03-03,1.0,W,0,1,3,1043.77
11689,T55,1400,2021-08-12,1.0,T,0,2,1,598.76
15518,S0,2141,2021-08-19,0.0,S,1,2,1,151.96
3624,T0,1074,2021-02-06,0.0,T,1,3,2,215.03
14357,T99,2458,2021-03-02,1.0,T,0,1,3,1531.42
18076,S38,39,2021-11-23,0.0,S,1,2,2,826.51
16055,S21,2530,2021-03-16,0.0,S,1,2,1,380.74
11074,G66,3150,2021-04-15,1.0,G,0,1,3,525.33
3072,O56,1207,2021-01-06,0.0,O,1,2,2,137.9
6190,S0,2919,2021-08-06,0.0,S,1,2,2,53.62
5830,W50,679,2021-02-05,1.0,W,1,2,3,131.92
13403,O51,2372,2021-09-03,0.0,O,1,3,2,1203.4
2677,S18,3225,2021-04-03,1.0,S,1,2,2,431.45
8608,N67,3228,2021-11-08,0.0,N,0,2,2,376.84
2322,G4,2758,2021-02-26,0.0,G,1,3,2,677.48
19082,N81,2409,2021-08-18,1.0,N,1,2,3,521.94
14244,S71,553,2021-06-12,0.0,S,1,3,1,1105.75
11003,W65,1653,2021-09-14,0.0,W,1,2,2,778.69
5119,O40,39,2021-02-06,1.0,O,1,3,2,874.9
404,N67,209,2021-09-13,1.0,N,0,2,2,376.84
12010,N67,610,2021-05-05,0.0,N,0,2,2,376.84
10491,S0,2512,2021-06-21,0.0,S,1,2,2,53.62
17754,S62,587,2021-09-16,0.0,S,1,2,2,298.72
8124,G69,1171,2021-08-23,1.0,G,0,2,2,594.68
11206,S13,1004,2021-06-09,1.0,S,1,2,2,826.51
6101,G96,3325,2021-09-03,0.0,G,1,2,1,993.66
2546,W92,1797,2021-02-16,1.0,W,1,2,3,1259.36
17248,S59,2673,2021-08-03,1.0,S,1,2,1,733.58
18895,G2,197,2021-05-13,1.0,G,0,1,3,525.33
326,T55,1745,2021-01-19,0.0,T,0,2,1,598.76
9774,T64,1783,2021-07-11,1.0,T,1,2,1,596.55
13897,S8,1068,2021-09-20,0.0,S,0,2,3,1516.13
4569,S38,3083,2021-09-13,1.0,S,1,2,2,826.51
9300,T14,94,2021-08-17,0.0,T,1,2,3,1234.29
10006,T7,573,2021-09-15,1.0,T,0,1,2,234.43
3974,W85,156,2021-02-28,1.0,W,1,2,2,205.36
12361,G31,1762,2021-01-28,0.0,G,1,2,2,173.18
9031,G32,748,2021-04-26,1.0,G,1,3,2,707.4
18958,G78,840,2021-06-10,0.0,G,1,2,1,709.48
9863,T80,1691,2021-03-28,1.0,T,1,2,1,596.55
4392,G39,3079,2021-02-08,0.0,G,1,2,1,582.48
12399,N100,1670,2021-10-30,1.0,N,0,2,2,206.35
19636,T98,1389,2021-07-25,,T,1,3,2,215.03
7631,N41,3221,2021-04-18,0.0,N,1,1,2,748.9
844,O40,3412,2021-07-08,,O,1,3,2,874.9
5308,T27,1775,2021-07-31,0.0,T,1,2,2,388.72
4734,S21,32,2021-04-11,1.0,S,1,2,1,380.74
16810,G11,2847,2021-08-02,0.0,G,1,3,2,764.96
8051,G69,2618,2021-08-19,1.0,G,0,2,2,594.68
6277,S2,156,2021-06-17,0.0,S,1,2,2,53.62
11310,S62,679,2021-10-26,0.0,S,1,2,2,298.72
3422,G82,1074,2021-07-26,1.0,G,0,2,2,829.65
948,S97,1601,2021-04-08,0.0,S,1,2,1,151.96
6586,S21,1116,2021-10-09,0.0,S,1,2,1,380.74
10751,W22,587,2021-11-06,1.0,W,1,2,2,45.26
13468,O58,2767,2021-04-17,0.0,O,0,2,2,829.51
6598,G1,489,2021-03-24,0.0,G,1,2,2,954.82
15343,N72,984,2021-06-20,0.0,N,1,2,2,270.3
10182,G60,576,2021-12-22,1.0,G,1,3,3,1759.85
9883,W63,1453,2021-04-06,1.0,W,1,2,2,762.63
4848,G66,1783,2021-04-09,0.0,G,0,1,3,525.33
16816,G35,1993,2021-06-03,1.0,G,1,2,2,954.82
16857,W50,1227,2021-04-28,1.0,W,1,2,3,131.92
1426,W92,1252,2021-07-08,0.0,W,1,2,3,1259.36
6255,S0,1821,2021-10-19,0.0,S,1,2,2,75.26
9361,G32,3282,2021-08-18,0.0,G,1,3,2,707.4
9069,N81,3264,2021-02-12,0.0,N,1,2,3,521.94
16210,T98,2447,2021-11-01,1.0,T,1,3,2,215.03
12108,S59,819,2021-07-25,1.0,S,1,2,1,733.58
18216,W50,679,2021-04-20,1.0,W,1,2,3,131.92
6939,S21,2409,2021-10-08,1.0,S,1,2,1,380.74
2607,O0,1912,2021-10-27,0.0,O,0,3,1,32.445
15595,W50,1849,2021-05-13,0.0,W,1,2,3,131.92
9959,W48,594,2021-02-10,1.0,W,1,2,2,950.52
244,W63,3487,2021-12-19,1.0,W,1,2,2,762.63
16972,S17,1546,2021-10-21,1.0,S,1,3,2,614.8
16175,S62,1762,2021-05-13,1.0,S,1,2,2,298.72
16423,O9,1,2021-12-08,0.0,O,0,2,2,667.4
12977,G31,3391,2021-11-07,1.0,G,1,2,2,173.18
2880,W76,2415,2021-09-05,1.0,W,1,1,2,513.85
1926,S62,338,2021-06-28,1.0,S,1,2,2,298.72
18032,T64,94,2021-10-13,0.0,T,1,2,1,596.55
9771,O25,1800,2021-05-13,,O,1,3,2,1203.4
12396,N0,1833,2021-05-09,0.0,N,1,1,2,290.41
12380,W54,1147,2021-01-11,1.0,W,1,2,2,778.69
8155,G4,746,2021-08-15,1.0,G,1,3,2,677.48
16182,O19,2823,2021-12-17,1.0,O,0,3,1,32.445
4315,W50,570,2021-05-02,0.0,W,1,2,3,131.92
18688,T0,469,2021-06-07,0.0,T,0,2,2,215.14
6798,G84,2919,2021-01-22,0.0,G,0,2,2,594.68
2052,W22,1797,2021-05-29,1.0,W,1,2,2,45.26
3397,S22,2687,2021-11-13,1.0,S,1,2,2,431.45
5772,S0,1800,2021-03-29,1.0,S,1,2,2,84.99
16001,O51,2418,2021-12-25,0.0,O,1,3,2,1203.4
15262,G1,41,2021-01-23,0.0,G,1,2,2,954.82
10881,O6,3274,2021-06-23,1.0,O,1,3,2,136.73
7140,O33,247,2021-01-15,1.0,O,0,2,3,1610.9
14347,S8,2635,2021-10-22,1.0,S,0,2,3,1516.13
17083,W48,1581,2021-04-07,1.0,W,1,2,2,950.52
18531,N67,1884,2021-02-10,1.0,N,0,2,2,376.84
9964,G82,1004,2021-02-16,1.0,G,0,2,2,829.65
2721,N15,821,2021-05-14,0.0,N,1,1,2,748.9
18765,S21,1384,2021-07-08,0.0,S,1,2,1,380.74
8957,O6,2530,2021-08-19,0.0,O,1,3,2,136.73
5213,G1,94,2021-11-26,0.0,G,1,2,2,954.82
10683,S0,1286,2021-02-02,1.0,S,1,2,2,75.26
5468,G25,1797,2021-05-31,0.0,G,0,2,2,829.65
8270,S0,197,2021-03-04,1.0,S,1,2,2,75.26
8146,N90,728,2021-10-21,0.0,N,1,1,2,290.41
11476,O0,3011,2021-06-27,1.0,O,1,2,2,125.07
5398,G25,1563,2021-05-03,1.0,G,0,2,2,829.65
4725,S21,1389,2021-03-24,0.0,S,1,2,1,380.74
15922,S8,32,2021-05-04,0.0,S,0,2,3,1516.13
99,G95,32,2021-03-25,0.0,G,1,2,1,528.43
17341,O6,1670,2021-03-01,1.0,O,1,3,2,136.73
15812,T100,602,2021-07-09,1.0,T,1,2,3,1234.29
4286,S17,2579,2021-11-10,1.0,S,1,3,2,614.8
11997,T47,1002,2021-07-27,1.0,T,0,1,3,1531.42
2481,O19,2479,2021-01-14,1.0,O,0,3,1,32.445
16060,N81,1546,2021-05-29,1.0,N,1,2,3,521.94
15037,T7,1481,2021-02-01,1.0,T,0,1,2,234.43
2189,G31,1670,2021-07-05,0.0,G,1,2,2,173.18
203,N67,2041,2021-07-28,0.0,N,0,2,2,376.84
13917,W65,728,2021-10-11,0.0,W,1,2,2,778.69
3201,G1,1182,2021-08-24,,G,1,2,2,954.82
11330,G94,20,2021-11-28,1.0,G,1,2,1,993.66
12698,S36,1755,2021-09-19,1.0,S,1,1,2,507.58
6090,W22,416,2021-07-04,0.0,W,1,2,2,45.26
2197,N90,2763,2021-01-11,1.0,N,1,1,2,290.41
13733,O19,2479,2021-12-27,1.0,O,0,3,1,32.445
10693,T14,2490,2021-07-07,0.0,T,1,2,3,1234.29
10231,W76,1709,2021-02-20,0.0,W,1,1,2,513.85
8735,G25,32,2021-08-13,0.0,G,0,2,2,829.65
7370,S2,1745,2021-01-09,1.0,S,1,2,2,53.62
5360,G7,3309,2021-12-05,0.0,G,1,2,3,1167.18
12288,O61,1978,2021-07-30,0.0,O,1,1,2,56.93
2162,G7,2250,2021-06-18,1.0,G,1,2,3,1167.18
8104,W76,346,2021-12-17,0.0,W,1,1,2,513.85
12601,S13,1410,2021-07-23,1.0,S,1,2,2,826.51
9098,W0,1074,2021-11-28,0.0,W,1,2,3,131.92
1411,N79,1183,2021-07-29,0.0,N,1,2,2,818.01
2794,S62,3499,2021-01-11,0.0,S,1,2,2,298.72
11345,S97,1506,2021-12-10,0.0,S,1,2,1,151.96
2584,T14,738,2021-09-06,0.0,T,1,2,3,1234.29
583,T0,3053,2021-04-15,1.0,T,0,2,2,215.14
14766,W48,20,2021-11-19,0.0,W,1,2,2,950.52
13708,G69,2267,2021-01-15,1.0,G,0,2,2,594.68
2103,O9,2935,2021-09-09,0.0,O,0,2,2,667.4
15493,G1,2816,2021-11-13,1.0,G,1,2,2,954.82
8456,S67,1993,2021-06-02,1.0,S,1,2,1,380.74
9958,T64,889,2021-05-04,0.0,T,1,2,1,596.55
13553,N28,1227,2021-01-21,0.0,N,1,2,3,1082.36
7203,O97,578,2021-03-22,1.0,O,0,2,2,667.4
11963,S71,1183,2021-07-09,0.0,S,1,3,1,1105.75
19361,S17,827,2021-11-10,1.0,S,1,3,2,614.8
169,S97,456,2021-05-01,0.0,S,1,2,1,151.96
9977,N90,837,2021-07-25,0.0,N,1,1,2,290.41
5539,W91,1928,2021-11-25,0.0,W,1,1,2,513.85
16980,S8,2449,2021-02-15,0.0,S,0,2,3,1516.13
6126,G53,2347,2021-03-28,1.0,G,1,3,2,764.96
15081,G25,1458,2021-05-31,0.0,G,0,2,2,829.65
16453,T27,728,2021-10-14,0.0,T,1,2,2,388.72
5290,G31,3217,2021-03-07,1.0,G,1,2,2,173.18
5937,T64,573,2021-04-16,0.0,T,1,2,1,596.55
14450,O61,1227,2021-02-15,1.0,O,1,1,2,56.93
2294,T70,372,2021-11-28,0.0,T,1,3,2,297.43
4679,S38,2479,2021-02-20,1.0,S,1,2,2,826.51
1870,S71,2463,2021-04-26,0.0,S,1,3,1,1105.75
17681,S62,2985,2021-04-06,0.0,S,1,2,2,298.72
17278,N0,1869,2021-01-13,1.0,N,0,2,2,376.84
11117,S30,1842,2021-03-16,0.0,S,1,3,2,448.9
19186,S38,570,2021-04-12,0.0,S,1,2,2,826.51
12434,S36,3499,2021-04-24,1.0,S,1,1,2,507.58
6469,S24,2635,2021-05-19,0.0,S,0,2,1,820.78
5965,O86,2592,2021-06-15,1.0,O,1,2,2,125.07
14831,N15,2618,2021-03-30,0.0,N,1,1,2,748.9
7124,G84,2162,2021-03-10,0.0,G,0,2,2,594.68
11803,S0,1691,2021-01-19,1.0,S,1,2,2,75.26
8535,W48,2552,2021-07-04,0.0,W,1,2,2,950.52
1600,N79,3228,2021-11-19,0.0,N,1,2,2,818.01
5464,G35,1993,2021-07-17,1.0,G,1,2,2,954.82
18242,O61,834,2021-04-27,1.0,O,1,1,2,56.93
12783,O0,1340,2021-05-21,0.0,O,0,3,1,32.445
9787,G82,298,2021-12-05,0.0,G,0,2,2,829.65
13000,S41,1762,2021-05-30,1.0,S,0,2,2,312.74
7568,T7,3327,2021-05-03,1.0,T,0,1,2,234.43
14028,T7,3217,2021-10-17,0.0,T,0,1,2,234.43
4276,S90,2251,2021-01-01,0.0,S,1,1,2,507.58
11192,T70,1755,2021-05-31,1.0,T,1,3,2,297.43
3764,N0,1343,2021-07-16,0.0,N,0,2,2,407.54
4269,O9,1324,2021-05-13,1.0,O,0,2,2,667.4
6521,G82,3050,2021-09-08,1.0,G,0,2,2,829.65
3435,O58,197,2021-12-02,1.0,O,0,2,2,829.51
7225,O99,746,2021-10-27,1.0,O,1,2,2,770.89
8110,S45,1379,2021-03-10,0.0,S,1,2,2,84.99
6902,G87,1481,2021-12-09,0.0,G,1,3,2,707.4
11905,N23,237,2021-12-03,1.0,N,1,2,2,381.1
12572,T70,3486,2021-12-20,0.0,T,1,3,2,297.43
17422,G1,553,2021-02-21,1.0,G,1,2,2,954.82
10287,S59,2579,2021-09-17,1.0,S,1,2,1,733.58
15864,N69,298,2021-06-04,0.0,N,0,2,1,795.1
12283,S43,426,2021-02-08,1.0,S,1,2,2,649.49
1313,T64,1473,2021-09-02,0.0,T,1,2,1,596.55
9890,O0,237,2021-02-21,1.0,O,1,3,2,136.73
6218,O52,2635,2021-05-25,0.0,O,0,2,2,829.51
18424,N81,1335,2021-07-08,1.0,N,1,2,3,521.94
18415,O51,1172,2021-03-17,0.0,O,1,3,2,1203.4
342,S24,2091,2021-03-13,0.0,S,0,2,1,820.78
9003,W93,3327,2021-10-10,0.0,W,1,2,2,230.09
2306,N16,1191,2021-06-06,1.0,N,1,3,3,1479.11
3860,G33,840,2021-11-21,0.0,G,1,2,3,1167.18
6517,N29,1365,2021-05-26,1.0,N,0,2,2,407.54
9544,N15,2985,2021-04-23,1.0,N,1,1,2,748.9
15623,W91,3221,2021-06-25,1.0,W,1,1,2,513.85
2596,S45,346,2021-06-17,0.0,S,1,2,2,84.99
5907,N29,2763,2021-02-04,1.0,N,0,2,2,407.54
352,N34,416,2021-06-18,0.0,N,0,3,1,464.72
18188,W85,2269,2021-03-04,0.0,W,1,2,2,205.36
17701,S21,39,2021-10-05,1.0,S,1,2,1,380.74
3371,N67,1685,2021-12-04,1.0,N,0,2,2,376.84
2915,G1,1546,2021-09-17,0.0,G,1,2,2,954.82
3918,G87,2269,2021-03-03,1.0,G,1,3,2,707.4
18784,O86,2409,2021-11-10,0.0,O,1,2,2,125.07
6195,G60,1506,2021-03-20,1.0,G,1,3,3,1759.85
19264,N15,738,2021-01-23,1.0,N,1,1,2,748.9
18149,N86,2492,2021-12-22,0.0,N,0,3,1,464.72
15857,G78,1709,2021-01-16,1.0,G,1,2,1,709.48
15137,S41,1178,2021-11-15,0.0,S,0,2,2,312.74
9226,S0,578,2021-05-01,0.0,S,1,2,2,53.62
16261,N72,346,2021-07-05,1.0,N,1,2,2,270.3
10043,G4,2836,2021-08-27,0.0,G,1,3,2,677.48
17081,W48,2985,2021-03-12,1.0,W,1,2,2,950.52
11180,G11,2763,2021-12-10,0.0,G,1,3,2,764.96
8853,T84,3264,2021-02-23,1.0,T,0,2,2,215.14
17656,W50,1651,2021-02-17,0.0,W,1,2,3,131.92
10727,S90,1391,2021-07-31,1.0,S,1,1,2,507.58
15670,W63,2838,2021-07-04,1.0,W,1,2,2,762.63
6407,O52,594,2021-01-13,1.0,O,0,2,2,829.51
13225,G25,464,2021-06-06,1.0,G,0,2,2,829.65
4930,G35,1993,2021-10-16,0.0,G,1,2,2,954.82
9459,W22,1745,2021-11-23,1.0,W,1,2,2,45.26
18,G33,1842,2021-06-01,0.0,G,1,2,3,1167.18
9740,O61,718,2021-09-23,0.0,O,1,1,2,56.93
7130,G0,1912,2021-10-10,0.0,G,1,2,1,528.43
11623,T47,464,2021-01-14,0.0,T,0,1,3,1531.42
14975,T49,717,2021-07-25,1.0,T,0,2,2,400.13
2340,G7,2251,2021-12-14,0.0,G,1,2,3,1167.18
12657,O61,3079,2021-06-04,0.0,O,1,1,2,56.93
8523,T20,2627,2021-05-30,0.0,T,1,2,3,1580.47
13046,T7,1361,2021-12-01,1.0,T,0,1,2,234.43
19085,G69,1941,2021-12-24,1.0,G,0,2,2,594.68
12974,G25,1068,2021-08-24,0.0,G,0,2,2,829.65
5390,T70,1941,2021-04-13,1.0,T,1,3,2,297.43
19496,G2,3028,2021-11-13,,G,0,1,3,525.33
5383,O40,2847,2021-03-09,0.0,O,1,3,2,874.9
3946,W93,1233,2021-09-04,0.0,W,1,2,2,230.09
9176,T0,3325,2021-07-07,1.0,T,0,2,2,400.13
16259,S13,197,2021-05-12,0.0,S,1,2,2,826.51
4065,N90,728,2021-12-04,1.0,N,1,1,2,290.41
3977,O9,1361,2021-07-04,0.0,O,0,2,2,667.4
12393,O61,2935,2021-01-11,0.0,O,1,1,2,56.93
12813,N77,2409,2021-01-19,1.0,N,0,2,1,795.1
14241,O30,1879,2021-02-11,0.0,O,1,2,2,770.89
892,O0,2384,2021-07-22,1.0,O,1,3,2,136.73
6459,W50,1745,2020-12-31,0.0,W,1,2,3,131.92
4926,S2,1651,2021-03-26,0.0,S,1,2,2,53.62
18924,W93,3328,2021-11-10,0.0,W,1,2,2,230.09
15825,T20,1361,2021-05-10,,T,1,2,3,1580.47
6239,N72,821,2021-11-26,1.0,N,1,2,2,270.3
19925,O56,1563,2021-01-05,1.0,O,1,2,2,137.9
10813,G95,922,2021-06-24,0.0,G,1,2,1,528.43
9100,W93,1389,2021-02-18,1.0,W,1,2,2,230.09
17854,N82,1745,2021-09-13,0.0,N,1,3,2,689.18
15879,N0,1869,2021-08-29,1.0,N,1,2,2,270.3
2024,W50,1227,2021-10-29,0.0,W,1,2,3,131.92
17680,G94,1389,2021-10-06,1.0,G,1,2,1,993.66
8302,S91,1473,2021-03-22,0.0,S,1,2,2,75.26
15932,G95,1058,2021-01-12,1.0,G,1,2,1,528.43
3133,G95,1481,2021-01-23,1.0,G,1,2,1,528.43
16957,N34,2836,2021-01-04,0.0,N,0,3,1,464.72
270,S2,2362,2021-02-12,0.0,S,1,2,2,53.62
12274,W0,2687,2021-12-12,0.0,W,1,2,2,45.26
17651,T14,2740,2021-08-06,0.0,T,1,2,3,1234.29
7241,W48,3083,2021-10-21,0.0,W,1,2,2,950.52
13597,G11,3421,2021-05-21,0.0,G,1,3,2,764.96
17785,G33,981,2021-05-24,0.0,G,1,2,3,1167.18
11811,W26,840,2021-02-03,0.0,W,1,2,2,762.63
3758,G1,2570,2021-09-06,1.0,G,1,2,2,954.82
3516,S41,1783,2021-01-26,0.0,S,0,2,2,312.74
13198,N18,748,2021-04-21,0.0,N,1,3,2,689.18
19952,S18,2032,2021-12-24,0.0,S,1,2,2,431.45
438,W76,1670,2021-04-16,1.0,W,1,1,2,513.85
1608,N88,1884,2021-01-04,0.0,N,1,2,2,381.1
5856,N100,2715,2021-05-17,0.0,N,0,2,2,206.35
1279,N18,469,2021-02-21,0.0,N,1,3,2,689.18
17964,N77,746,2021-03-12,0.0,N,0,2,1,795.1
1264,T99,3095,2021-11-23,0.0,T,0,1,3,1531.42
4014,W92,1755,2021-03-27,1.0,W,1,2,3,1259.36
1105,O0,469,2021-02-04,1.0,O,0,3,1,32.445
4890,S81,3095,2021-07-30,1.0,S,1,2,2,649.49
3805,T14,1389,2021-09-28,1.0,T,1,2,3,1234.29
13644,G25,1,2021-05-18,0.0,G,0,2,2,829.65
3861,S2,2415,2021-09-29,0.0,S,1,2,2,53.62
6695,T14,2484,2021-06-05,1.0,T,1,2,3,1234.29
18836,N67,1341,2021-01-21,0.0,N,0,2,2,376.84
14090,W92,594,2021-11-13,0.0,W,1,2,3,1259.36
10406,N72,156,2021-10-26,1.0,N,1,2,2,270.3
16831,G78,2155,2021-06-16,0.0,G,1,2,1,709.48
6846,O0,2384,2021-10-31,0.0,O,1,3,2,136.73
14127,G78,728,2021-06-06,0.0,G,1,2,1,709.48
17216,T98,465,2021-11-06,1.0,T,1,3,2,215.03
19724,S36,1481,2021-12-08,0.0,S,1,1,2,507.58
15212,T70,328,2021-07-19,1.0,T,1,3,2,297.43
5992,G35,602,2021-05-07,0.0,G,1,2,2,954.82
16225,G95,984,2021-05-23,0.0,G,1,2,1,528.43
14261,S36,1581,2021-08-13,0.0,S,1,1,2,507.58
10031,N43,1912,2021-03-31,0.0,N,1,2,2,818.01
9370,N90,2409,2021-03-12,1.0,N,1,1,2,290.41
11819,T20,155,2021-12-21,1.0,T,1,2,3,1580.47
5008,G66,2267,2021-04-05,1.0,G,0,1,3,525.33
2842,S24,1451,2021-11-28,,S,0,2,1,820.78
727,G94,3486,2021-12-08,0.0,G,1,2,1,993.66
17958,S71,576,2021-03-26,1.0,S,1,3,1,1105.75
3044,W65,707,2021-11-15,1.0,W,1,2,2,778.69
18200,G5,1478,2021-12-28,0.0,G,1,3,2,677.48
4364,S52,1147,2021-01-09,0.0,S,0,2,1,820.78
19571,S45,549,2021-05-23,1.0,S,1,2,2,84.99
4450,G82,1577,2021-03-07,1.0,G,0,2,2,829.65
806,G82,3028,2021-06-20,1.0,G,0,2,2,829.65
7165,T7,2763,2021-04-08,1.0,T,0,1,2,234.43
10759,G35,2687,2021-08-02,1.0,G,1,2,2,954.82
9399,O42,2837,2021-07-14,1.0,O,0,2,3,1610.9
8821,W74,505,2021-11-16,0.0,W,1,2,2,950.52
14859,N41,3221,2021-09-09,0.0,N,1,1,2,748.9
1999,O58,1478,2021-04-03,1.0,O,0,2,2,829.51
3404,G11,1685,2021-05-09,1.0,G,1,3,2,764.96
15933,G0,2492,2021-06-15,0.0,G,1,2,1,528.43
15614,N100,474,2021-09-22,0.0,N,0,2,2,206.35
7515,N77,1207,2021-12-13,1.0,N,0,2,1,795.1
313,S81,2266,2021-01-24,0.0,S,1,2,2,649.49
11661,S2,328,2021-02-13,1.0,S,1,2,2,53.62
4659,S97,39,2021-01-18,0.0,S,1,2,1,151.96
8564,O51,2345,2021-05-08,0.0,O,1,3,2,1203.4
11019,G66,2530,2021-12-20,0.0,G,0,1,3,525.33
8842,N0,1772,2021-01-13,1.0,N,0,2,2,376.84
9599,O0,237,2021-03-15,0.0,O,1,3,2,136.73
7763,T14,2158,2021-08-28,1.0,T,1,2,3,1234.29
19646,G95,2799,2021-11-17,1.0,G,1,2,1,528.43
8581,W26,587,2021-07-24,0.0,W,1,2,2,762.63
265,T20,834,2021-06-25,0.0,T,1,2,3,1580.47
15527,G60,2525,2021-03-01,0.0,G,1,3,3,1759.85
12662,N67,840,2021-05-04,0.0,N,0,2,2,376.84
18498,S30,610,2021-11-05,1.0,S,1,3,2,448.9
8071,W76,2155,2021-05-22,0.0,W,1,1,2,513.85
9290,S43,2937,2021-09-15,1.0,S,1,2,2,649.49
16546,O0,1555,2021-03-13,1.0,O,0,3,1,32.445
12482,O52,2193,2021-10-07,0.0,O,0,2,2,829.51
4467,G87,717,2021-06-23,0.0,G,1,3,2,707.4
10127,W96,2362,2021-09-29,0.0,W,0,1,3,1043.77
12593,N72,1227,2021-04-16,1.0,N,1,2,2,270.3
11127,T27,2836,2021-11-09,1.0,T,1,2,2,388.72
1575,N0,2347,2021-07-28,0.0,N,1,2,2,270.3
18319,W65,1842,2021-01-27,1.0,W,1,2,2,778.69
6627,O99,1581,2021-02-03,0.0,O,1,2,2,770.89
815,W22,3421,2021-10-18,1.0,W,1,2,2,45.26
7614,G7,774,2021-08-08,1.0,G,1,2,3,1167.18
6553,N28,1178,2021-04-25,1.0,N,1,2,3,1082.36
1320,G95,372,2021-10-26,1.0,G,1,2,1,528.43
19138,N61,1478,2021-07-24,1.0,N,1,2,3,521.94
16505,N34,3328,2021-03-19,0.0,N,0,3,1,464.72
18828,W96,723,2021-02-27,1.0,W,0,1,3,1043.77
2887,N0,2770,2021-08-11,0.0,N,0,2,2,407.54
16736,S41,1864,2021-04-27,0.0,S,0,2,2,312.74
5721,O0,2838,2021-02-02,0.0,O,1,1,2,56.93
18609,T27,2372,2021-12-29,0.0,T,1,2,2,388.72
181,S17,1002,2021-02-23,0.0,S,1,3,2,614.8
5566,S30,3327,2021-06-25,1.0,S,1,3,2,448.9
15180,G31,707,2021-06-30,0.0,G,1,2,2,173.18
1806,W31,3050,2021-04-29,0.0,W,1,2,2,205.36
17246,T27,1002,2021-02-23,1.0,T,1,2,2,388.72
656,W26,3470,2021-12-27,0.0,W,1,2,2,762.63
17356,N0,3309,2021-08-22,0.0,N,1,1,2,290.41
4325,N72,1353,2021-01-26,1.0,N,1,2,2,270.3
9707,N82,1365,2021-05-23,1.0,N,1,3,2,689.18
4061,G94,3402,2021-12-17,1.0,G,1,2,1,993.66
18277,T20,2372,2021-07-01,1.0,T,1,2,3,1580.47
1879,S67,1577,2021-12-17,1.0,S,1,2,1,380.74
17348,T70,1068,2021-09-22,0.0,T,1,3,2,297.43
2679,S24,489,2021-02-05,1.0,S,0,2,1,820.78
19754,S8,2447,2021-05-30,0.0,S,0,2,3,1516.13
7073,S71,610,2021-02-12,0.0,S,1,3,1,1105.75
2510,O52,837,2021-06-01,0.0,O,0,2,2,829.51
117,O42,806,2021-03-23,0.0,O,0,2,3,1610.9
8860,O61,610,2021-04-03,0.0,O,1,1,2,56.93
15069,S43,32,2021-01-13,0.0,S,1,2,2,649.49
19095,W92,2127,2021-07-21,0.0,W,1,2,3,1259.36
18697,O40,840,2021-03-18,1.0,O,1,3,2,874.9
6861,G95,1639,2021-04-21,0.0,G,1,2,1,528.43
7833,T20,171,2021-02-18,1.0,T,1,2,3,1580.47
18199,N41,1821,2021-02-05,1.0,N,1,1,2,748.9
13004,G78,3217,2021-09-26,1.0,G,1,2,1,709.48
2355,G32,1800,2021-05-07,0.0,G,1,3,2,707.4
11033,N86,656,2021-03-01,1.0,N,0,3,1,464.72
775,G31,94,2021-09-03,1.0,G,1,2,2,173.18
14878,G35,1772,2021-03-29,1.0,G,1,2,2,954.82
12476,S41,171,2021-03-23,1.0,S,0,2,2,312.74
4303,T47,3408,2021-05-13,0.0,T,0,1,3,1531.42
18501,N16,2816,2021-11-30,0.0,N,1,3,3,1479.11
17635,N34,2939,2021-03-28,0.0,N,0,3,1,464.72
10080,W93,2847,2021-08-24,0.0,W,1,2,2,230.09
13615,W54,1940,2021-08-10,1.0,W,1,2,2,778.69
15071,W63,3050,2021-07-01,0.0,W,1,2,2,762.63
12069,S91,707,2021-10-17,0.0,S,1,2,2,75.26
10522,S2,1054,2021-06-28,1.0,S,1,2,2,53.62
11932,G25,2552,2021-03-04,1.0,G,0,2,2,829.65
4348,O61,2484,2021-09-13,,O,1,1,2,56.93
4703,T0,1944,2021-04-23,0.0,T,0,2,2,400.13
9097,S17,2172,2021-02-07,1.0,S,1,3,2,614.8
15129,G95,1068,2021-01-16,0.0,G,1,2,1,528.43
9411,T49,1183,2021-06-19,0.0,T,0,2,2,400.13
16236,S17,3327,2021-07-11,0.0,S,1,3,2,614.8
12422,G78,2552,2020-12-31,0.0,G,1,2,1,709.48
17532,S97,2579,2021-05-28,1.0,S,1,2,1,151.96
18128,O9,1171,2021-03-14,1.0,O,0,2,2,667.4
654,O56,1775,2021-06-16,0.0,O,1,2,2,137.9
8305,T7,465,2021-08-01,1.0,T,0,1,2,234.43
303,W48,1883,2021-11-17,0.0,W,1,2,2,950.52
18597,G96,1074,2021-07-12,1.0,G,1,2,1,993.66
8582,W59,247,2021-08-22,1.0,W,1,2,3,1259.36
6212,G94,1884,2021-08-04,1.0,G,1,2,1,993.66
18822,S30,3464,2021-12-12,,S,1,3,2,448.9
2639,S0,602,2021-05-16,1.0,S,1,2,2,75.26
19404,N29,3274,2021-11-26,1.0,N,0,2,2,407.54
16150,N43,3050,2021-10-24,0.0,N,1,2,2,818.01
13867,N88,723,2021-10-01,1.0,N,1,2,2,381.1
6122,N34,2799,2021-02-10,0.0,N,0,3,1,464.72
5740,G7,505,2021-12-15,0.0,G,1,2,3,1167.18
8049,T64,738,2021-03-12,1.0,T,1,2,1,596.55
8278,G94,2836,2021-03-23,0.0,G,1,2,1,993.66
3135,G69,157,2021-04-15,,G,0,2,2,594.68
15954,N67,1864,2021-09-18,0.0,N,0,2,2,376.84
13709,N67,2631,2021-02-28,0.0,N,0,2,2,376.84
343,N61,1478,2021-03-10,,N,1,2,3,521.94
9233,T49,1608,2021-02-25,1.0,T,0,2,2,400.13
3336,G31,1490,2021-07-11,1.0,G,1,2,2,173.18
6339,G66,2316,2021-11-13,0.0,G,0,1,3,525.33
16666,O33,3050,2021-01-18,0.0,O,0,2,3,1610.9
11792,G94,3264,2021-12-06,0.0,G,1,2,1,993.66
4795,N43,1821,2021-10-03,1.0,N,1,2,2,818.01
1922,S21,942,2021-08-08,,S,1,2,1,380.74
13584,T7,1400,2021-10-21,0.0,T,0,1,2,234.43
3163,N69,3484,2021-09-02,0.0,N,0,2,1,795.1
15970,S17,1172,2021-08-12,0.0,S,1,3,2,614.8
17513,W59,1910,2021-08-19,0.0,W,1,2,3,1259.36
16412,T98,553,2021-12-10,1.0,T,1,3,2,215.03
14257,N29,1762,2021-04-03,1.0,N,0,2,2,407.54
10548,G2,2750,2021-11-08,0.0,G,0,1,3,525.33
14618,S0,298,2021-09-13,0.0,S,1,2,2,298.72
1555,N43,748,2021-11-13,1.0,N,1,2,2,818.01
10510,G96,2558,2021-11-27,0.0,G,1,2,1,993.66
18678,W74,1340,2021-04-24,1.0,W,1,2,2,950.52
13527,N16,3264,2021-09-05,1.0,N,1,3,3,1479.11
11659,N28,2778,2021-04-16,1.0,N,1,2,3,1082.36
2532,S18,553,2021-06-02,0.0,S,1,2,2,431.45
3388,S67,1286,2021-06-08,0.0,S,1,2,1,380.74
6376,W50,2418,2021-06-05,0.0,W,1,2,3,131.92
3717,W76,723,2021-04-07,1.0,W,1,1,2,513.85
1447,G1,1783,2021-11-09,1.0,G,1,2,2,954.82
6505,T0,2767,2021-05-20,0.0,T,1,3,2,215.03
6134,G95,2552,2021-08-28,1.0,G,1,2,1,528.43
7416,O9,827,2021-11-02,1.0,O,0,2,2,667.4
13602,O56,679,2021-04-30,1.0,O,1,2,2,137.9
74,O56,1506,2021-01-20,1.0,O,1,2,2,137.9
10807,N28,2447,2021-11-20,1.0,N,1,2,3,1082.36
10449,G1,1233,2021-07-01,1.0,G,1,2,2,954.82
18084,T49,1797,2021-09-23,1.0,T,0,2,2,400.13
179,S62,1365,2021-01-30,0.0,S,1,2,2,298.72
18761,T49,2351,2021-08-26,1.0,T,0,2,2,400.13
15728,O61,592,2021-04-05,1.0,O,1,1,2,56.93
3736,S36,1227,2021-05-28,0.0,S,1,1,2,507.58
11102,G31,3217,2021-09-14,0.0,G,1,2,2,173.18
17456,W48,1670,2021-04-04,1.0,W,1,2,2,950.52
3666,G31,3327,2021-11-03,1.0,G,1,2,2,173.18
2620,G31,1755,2021-04-28,0.0,G,1,2,2,173.18
9295,W92,679,2021-08-25,1.0,W,1,2,3,1259.36
4951,G60,1581,2021-04-17,1.0,G,1,3,3,1759.85
6561,G84,1074,2021-02-05,0.0,G,0,2,2,594.68
11636,O0,2750,2021-08-03,0.0,O,1,2,2,137.9
12267,T40,3095,2021-09-13,1.0,T,0,2,1,598.76
4556,N88,426,2021-08-22,1.0,N,1,2,2,381.1
16548,T47,2490,2021-11-21,,T,0,1,3,1531.42
4747,T7,426,2021-05-14,0.0,T,0,1,2,234.43
6103,S18,489,2021-08-27,0.0,S,1,2,2,431.45
16575,O19,1745,2020-12-31,0.0,O,0,3,1,32.445
19330,T20,1481,2021-10-12,1.0,T,1,2,3,1580.47
733,W50,679,2021-05-11,1.0,W,1,2,3,131.92
4024,N82,1227,2021-10-25,0.0,N,1,3,2,689.18
5391,S6,2251,2021-09-20,0.0,S,1,3,2,448.9
18970,G11,1,2021-03-28,0.0,G,1,3,2,764.96
5768,S24,1639,2021-07-21,0.0,S,0,2,1,820.78
6998,T47,592,2021-06-13,1.0,T,0,1,3,1531.42
19322,W29,1094,2021-11-16,0.0,W,1,2,2,230.09
3448,O40,3285,2021-06-16,1.0,O,1,3,2,874.9
11701,O93,1453,2021-12-29,1.0,O,1,3,2,874.9
19639,S52,2554,2021-10-31,0.0,S,0,2,1,820.78
17895,S2,2524,2021-02-18,0.0,S,1,2,2,53.62
6411,G5,2829,2021-08-07,1.0,G,1,3,2,677.48
8289,N0,656,2021-11-02,0.0,N,0,2,2,407.54
7171,N34,2816,2021-10-02,1.0,N,0,3,1,464.72
301,G78,2530,2021-03-23,,G,1,2,1,709.48
11528,W50,718,2021-08-31,0.0,W,1,2,3,131.92
6736,O99,981,2021-03-09,0.0,O,1,2,2,770.89
12529,N28,2152,2021-10-24,0.0,N,1,2,3,1082.36
7355,W76,465,2021-02-21,0.0,W,1,1,2,513.85
11326,S21,2847,2021-02-09,1.0,S,1,2,1,380.74
16231,S21,1324,2021-02-23,1.0,S,1,2,1,380.74
18282,S41,2816,2021-09-01,1.0,S,0,2,2,312.74
10560,T98,426,2021-03-18,0.0,T,1,3,2,215.03
15216,S38,1793,2021-06-12,0.0,S,1,2,2,826.51
2244,G32,2347,2021-04-21,0.0,G,1,3,2,707.4
17041,O0,748,2021-02-10,1.0,O,1,3,2,136.73
542,G96,1555,2021-07-07,0.0,G,1,2,1,993.66
6593,T27,39,2021-09-15,1.0,T,1,2,2,388.72
2843,N90,1506,2021-12-29,0.0,N,1,1,2,290.41
18132,G33,2550,2021-12-12,0.0,G,1,2,3,1167.18
6358,S59,1207,2021-10-16,0.0,S,1,2,1,733.58
17598,N81,1670,2021-05-04,1.0,N,1,2,3,521.94
17840,T84,1797,2021-05-12,1.0,T,0,2,2,215.14
7758,S8,1905,2021-02-02,0.0,S,0,2,3,1516.13
15934,T27,2763,2021-06-16,0.0,T,1,2,2,388.72
1545,N23,578,2021-03-11,1.0,N,1,2,2,381.1
14074,O25,3282,2021-04-03,0.0,O,1,3,2,1203.4
19891,G87,1651,2021-09-23,1.0,G,1,3,2,707.4
4345,T47,2937,2021-06-11,1.0,T,0,1,3,1531.42
2068,S6,3309,2021-09-16,0.0,S,1,3,2,448.9
8762,N86,2838,2021-12-14,0.0,N,0,3,1,464.72
13116,O0,1004,2021-05-30,1.0,O,1,1,2,56.93
1100,O19,3115,2021-03-19,1.0,O,0,3,1,32.445
2919,S81,1912,2021-04-22,0.0,S,1,2,2,649.49
2731,O40,3079,2021-05-27,0.0,O,1,3,2,874.9
12118,T64,2799,2021-05-14,0.0,T,1,2,1,596.55
4527,O40,2463,2021-07-30,0.0,O,1,3,2,874.9
8929,S97,1227,2021-04-14,1.0,S,1,2,1,151.96
10520,N79,3408,2021-12-07,0.0,N,1,2,2,818.01
4038,S97,1068,2021-04-22,0.0,S,1,2,1,151.96
4752,W48,3402,2021-10-06,1.0,W,1,2,2,950.52
100,S0,119,2021-07-30,0.0,S,1,2,2,298.72
12174,N34,39,2021-05-28,0.0,N,0,3,1,464.72
14150,S41,3225,2021-12-03,0.0,S,0,2,2,312.74
9603,N67,3243,2021-05-26,0.0,N,0,2,2,376.84
298,S17,2860,2021-11-19,1.0,S,1,3,2,614.8
4919,G78,2592,2021-11-22,1.0,G,1,2,1,709.48
4010,N69,1074,2021-12-13,0.0,N,0,2,1,795.1
12152,G4,2799,2021-11-30,0.0,G,1,3,2,677.48
109,G39,1335,2021-03-26,1.0,G,1,2,1,582.48
6380,W96,1335,2021-11-07,0.0,W,0,1,3,1043.77
6707,G2,2266,2021-11-30,1.0,G,0,1,3,525.33
18881,G4,1653,2021-11-26,0.0,G,1,3,2,677.48
11380,G7,311,2021-09-10,0.0,G,1,2,3,1167.18
12468,G84,3251,2021-06-25,0.0,G,0,2,2,594.68
7375,G66,1473,2021-07-05,0.0,G,0,1,3,525.33
17274,G11,2449,2021-08-21,0.0,G,1,3,2,764.96
7609,N0,2387,2021-03-15,1.0,N,1,2,2,270.3
7330,N28,1233,2021-09-25,0.0,N,1,2,3,1082.36
12555,N72,3150,2021-10-03,0.0,N,1,2,2,270.3
7463,G96,1004,2021-05-08,1.0,G,1,2,1,993.66
2953,N0,1410,2021-10-30,1.0,N,0,2,2,407.54
10036,S91,1566,2021-01-29,0.0,S,1,2,2,75.26
10366,W92,3243,2021-03-13,1.0,W,1,2,3,1259.36
6709,T40,2770,2021-11-29,1.0,T,0,2,1,598.76
16933,S59,1506,2021-09-26,0.0,S,1,2,1,733.58
13961,T20,2091,2021-06-01,0.0,T,1,2,3,1580.47
15261,T47,3421,2021-11-26,1.0,T,0,1,3,1531.42
3334,S36,171,2021-12-11,1.0,S,1,1,2,507.58
15208,T7,1508,2021-01-09,0.0,T,0,1,2,234.43
13424,S2,1,2021-02-20,0.0,S,1,2,2,53.62
9117,G50,3307,2021-05-30,1.0,G,1,2,2,211.37
13530,N43,1555,2021-08-18,0.0,N,1,2,2,818.01
16910,S41,3150,2021-03-08,0.0,S,0,2,2,312.74
2341,N41,2767,2021-11-11,1.0,N,1,1,2,748.9
5225,T80,2250,2021-08-27,0.0,T,1,2,1,596.55
16930,G4,1884,2021-03-02,0.0,G,1,3,2,677.48
3138,T64,728,2021-10-08,0.0,T,1,2,1,596.55
6545,W65,2860,2021-03-15,1.0,W,1,2,2,778.69
5355,O6,2127,2021-11-13,0.0,O,1,3,2,136.73
18795,G95,2234,2021-01-16,1.0,G,1,2,1,528.43
8800,W48,981,2021-12-04,1.0,W,1,2,2,950.52
6602,S2,2985,2021-11-21,1.0,S,1,2,2,53.62
14500,T7,2985,2021-01-26,1.0,T,0,1,2,234.43
16354,T7,2152,2021-12-28,1.0,T,0,1,2,234.43
17799,W48,1473,2021-06-19,1.0,W,1,2,2,950.52
9022,N88,1546,2021-03-02,0.0,N,1,2,2,381.1
18266,S71,2193,2021-03-20,0.0,S,1,3,1,1105.75
15579,S71,1745,2021-03-11,1.0,S,1,3,1,1105.75
5334,W48,576,2021-10-25,1.0,W,1,2,2,950.52
9646,G60,718,2021-09-02,1.0,G,1,3,3,1759.85
767,W31,2554,2021-04-05,1.0,W,1,2,2,205.36
11232,G25,819,2021-02-03,0.0,G,0,2,2,829.65
17398,N79,121,2021-01-05,0.0,N,1,2,2,818.01
13276,W31,566,2021-02-26,0.0,W,1,2,2,205.36
8601,S97,2479,2021-03-06,1.0,S,1,2,1,151.96
16795,N15,2447,2021-05-19,0.0,N,1,1,2,748.9
7559,S2,1473,2021-07-14,0.0,S,1,2,2,53.62
6971,S13,1928,2021-07-27,0.0,S,1,2,2,826.51
13870,G87,1709,2021-04-26,1.0,G,1,3,2,707.4
6502,S90,1821,2021-11-15,1.0,S,1,1,2,507.58
10489,N81,2799,2021-03-18,1.0,N,1,2,3,521.94
16951,W54,3050,2021-04-20,1.0,W,1,2,2,778.69
4922,T55,1563,2021-08-03,1.0,T,0,2,1,598.76
5868,G35,1821,2021-11-22,0.0,G,1,2,2,954.82
1601,G69,1178,2021-07-29,0.0,G,0,2,2,594.68
791,G64,1147,2021-07-17,0.0,G,1,3,3,1759.85
7255,N82,2592,2021-01-16,1.0,N,1,3,2,689.18
15504,G35,298,2021-12-21,0.0,G,1,2,2,954.82
9184,N69,656,2021-06-12,1.0,N,0,2,1,795.1
2455,S45,3083,2021-10-15,1.0,S,1,2,2,84.99
8336,N0,2492,2021-11-18,0.0,N,1,1,2,290.41
11462,N88,2007,2021-08-07,1.0,N,1,2,2,381.1
11392,G4,1191,2021-01-31,0.0,G,1,3,2,677.48
19502,W92,2905,2021-12-21,0.0,W,1,2,3,1259.36
18586,S0,1879,2021-02-08,1.0,S,1,2,2,53.62
4777,S45,2905,2021-11-15,1.0,S,1,2,2,84.99
17564,W22,1451,2021-03-09,1.0,W,1,2,2,45.26
1875,G1,47,2021-11-24,0.0,G,1,2,2,954.82
17371,O19,3150,2021-04-15,0.0,O,0,3,1,32.445
1369,G60,2618,2021-12-16,1.0,G,1,3,3,1759.85
6645,T40,1004,2021-03-14,1.0,T,0,2,1,598.76
19147,S30,3391,2021-06-15,1.0,S,1,3,2,448.9
17954,T47,338,2021-07-06,1.0,T,0,1,3,1531.42
2222,N28,2836,2021-04-06,0.0,N,1,2,3,1082.36
19540,N34,155,2021-01-03,0.0,N,0,3,1,464.72
5548,W48,2530,2021-09-20,1.0,W,1,2,2,950.52
17797,S2,2372,2021-09-13,0.0,S,1,2,2,53.62
11240,O0,2512,2021-09-09,0.0,O,1,3,2,136.73
2957,O0,1912,2021-11-21,0.0,O,0,3,1,32.445
12437,S17,718,2021-09-19,1.0,S,1,3,2,614.8
15448,N15,2635,2021-03-20,0.0,N,1,1,2,748.9
17508,O99,372,2021-09-16,0.0,O,1,2,2,770.89
12005,S90,1993,2021-01-07,1.0,S,1,1,2,507.58
19335,G69,3402,2021-07-28,0.0,G,0,2,2,594.68
3285,S91,1508,2021-10-29,1.0,S,1,2,2,75.26
16926,T84,2657,2021-06-26,0.0,T,0,2,2,215.14
9835,N86,1879,2021-01-03,0.0,N,0,3,1,464.72
7099,O97,748,2021-02-13,1.0,O,0,2,2,667.4
11920,S17,587,2021-10-25,0.0,S,1,3,2,614.8
2226,W50,3132,2021-07-04,1.0,W,1,2,3,131.92
5327,O9,1182,2021-12-24,0.0,O,0,2,2,667.4
466,S13,505,2021-06-23,0.0,S,1,2,2,826.51
4710,O40,549,2021-02-27,1.0,O,1,3,2,874.9
14275,G2,2750,2021-02-11,1.0,G,0,1,3,525.33
11217,T20,1361,2021-09-18,0.0,T,1,2,3,1580.47
14299,S2,2763,2021-04-12,1.0,S,1,2,2,53.62
2242,T55,2935,2021-01-23,0.0,T,0,2,1,598.76
16395,T27,1661,2021-05-25,1.0,T,1,2,2,388.72
17264,S36,1661,2021-05-10,0.0,S,1,1,2,507.58
4317,G69,1068,2021-12-25,0.0,G,0,2,2,594.68
17734,T27,2345,2021-11-05,,T,1,2,2,388.72
6893,W54,1343,2021-12-09,0.0,W,1,2,2,778.69
14152,S91,2673,2021-09-30,1.0,S,1,2,2,75.26
15558,G84,2162,2021-11-06,1.0,G,0,2,2,594.68
93,G33,3470,2021-11-27,1.0,G,1,2,3,1167.18
10205,S62,3217,2021-12-21,0.0,S,1,2,2,298.72
2323,N82,3285,2021-03-18,1.0,N,1,3,2,689.18
4138,W96,2449,2021-10-14,0.0,W,0,1,3,1043.77
13051,N82,2763,2021-09-08,1.0,N,1,3,2,689.18
11044,N77,3303,2021-07-09,1.0,N,0,2,1,795.1
5185,T47,2631,2021-12-02,0.0,T,0,1,3,1531.42
13193,O25,1577,2021-05-16,1.0,O,1,3,2,1203.4
9334,S0,505,2021-08-29,1.0,S,1,2,2,84.99
12664,G33,464,2021-12-20,1.0,G,1,2,3,1167.18
4430,O86,2935,2021-12-23,1.0,O,1,2,2,125.07
10445,S66,2750,2021-06-16,1.0,S,1,2,2,589.27
8250,W26,2635,2021-08-25,0.0,W,1,2,2,762.63
14453,S2,2530,2021-02-08,0.0,S,1,2,2,53.62
5709,O0,1833,2021-08-13,0.0,O,1,3,2,136.73
12909,O0,1691,2021-11-22,1.0,O,0,3,1,32.445
15346,G94,32,2021-05-31,1.0,G,1,2,1,993.66
14804,N72,981,2021-09-14,1.0,N,1,2,2,270.3
7578,N81,819,2021-03-14,0.0,N,1,2,3,521.94
7084,G95,3303,2021-02-28,0.0,G,1,2,1,528.43
2737,G33,1745,2021-04-26,1.0,G,1,2,3,1167.18
6414,N23,1879,2021-10-25,0.0,N,1,2,2,381.1
4792,W59,3208,2021-11-06,0.0,W,1,2,3,1259.36
891,O40,943,2021-09-08,1.0,O,1,3,2,874.9
19798,S24,2345,2021-09-07,1.0,S,0,2,1,820.78
15327,S0,3028,2021-02-09,0.0,S,1,2,2,84.99
13714,N100,1183,2021-01-14,1.0,N,0,2,2,206.35
15441,S13,1410,2021-04-03,1.0,S,1,2,2,826.51
9275,T84,2570,2021-03-09,1.0,T,0,2,2,215.14
16553,G39,1068,2021-09-30,1.0,G,1,2,1,582.48
8920,O86,2524,2021-03-27,1.0,O,1,2,2,125.07
9986,W85,3389,2020-12-31,1.0,W,1,2,2,205.36
4041,O0,2125,2021-12-16,1.0,O,1,1,2,56.93
7327,S18,171,2021-09-12,1.0,S,1,2,2,431.45
12827,T98,1384,2021-08-16,0.0,T,1,3,2,215.03
1693,T70,3327,2021-02-28,0.0,T,1,3,2,297.43
16156,T98,2758,2021-10-11,0.0,T,1,3,2,215.03
14066,T27,594,2021-07-23,0.0,T,1,2,2,388.72
12211,O93,1940,2021-08-19,1.0,O,1,3,2,874.9
11878,W48,1842,2021-05-02,0.0,W,1,2,2,950.52
7243,G60,1324,2021-04-29,0.0,G,1,3,3,1759.85
10211,O52,2673,2021-02-12,1.0,O,0,2,2,829.51
5235,T70,2618,2021-11-05,0.0,T,1,3,2,297.43
17343,W85,3402,2021-08-17,0.0,W,1,2,2,205.36
10929,O51,2152,2021-04-12,0.0,O,1,3,2,1203.4
3721,S90,2266,2021-04-12,1.0,S,1,1,2,507.58
415,W76,2939,2021-09-30,1.0,W,1,1,2,513.85
10959,S97,1389,2021-01-10,1.0,S,1,2,1,151.96
18122,G32,311,2021-10-16,0.0,G,1,3,2,707.4
5023,G66,2127,2021-02-20,1.0,G,0,1,3,525.33
5658,S38,2555,2021-12-28,1.0,S,1,2,2,826.51
6354,T27,1864,2021-09-12,1.0,T,1,2,2,388.72
5059,W0,3251,2021-12-22,1.0,W,1,2,3,131.92
7521,S36,2065,2021-01-31,1.0,S,1,1,2,507.58
7666,W50,2155,2021-09-11,1.0,W,1,2,3,131.92
17914,W91,1879,2021-03-22,0.0,W,1,1,2,513.85
18066,G1,489,2021-01-03,0.0,G,1,2,2,954.82
17021,G0,2250,2021-05-22,1.0,G,1,2,2,173.18
17971,S2,2479,2021-03-23,1.0,S,1,2,2,53.62
19723,G60,1841,2021-01-02,1.0,G,1,3,3,1759.85
7141,S13,2492,2021-07-14,1.0,S,1,2,2,826.51
6928,O0,1912,2021-06-24,1.0,O,1,2,2,125.07
7309,S45,1353,2021-08-09,0.0,S,1,2,2,84.99
2668,T55,2415,2021-11-16,0.0,T,0,2,1,598.76
9608,N29,984,2021-07-12,1.0,N,0,2,2,407.54
14085,S2,2152,2021-06-28,0.0,S,1,2,2,53.62
10134,O19,2570,2021-09-27,1.0,O,0,3,1,32.445
6356,O6,1471,2021-09-19,,O,1,3,2,136.73
14475,O19,2234,2021-07-28,0.0,O,0,3,1,32.445
128,G25,1057,2021-02-25,0.0,G,0,2,2,829.65
15574,S90,3011,2021-11-23,0.0,S,1,1,2,507.58
19192,O0,284,2021-03-12,1.0,O,1,2,2,137.9
14002,S13,1616,2021-07-29,0.0,S,1,2,2,826.51
2312,N0,3325,2021-11-14,1.0,N,0,2,2,407.54
13210,O9,1709,2021-08-16,0.0,O,0,2,2,667.4
14496,S38,2463,2021-07-10,1.0,S,1,2,2,826.51
9671,T0,284,2021-04-14,0.0,T,0,2,2,400.13
7725,T49,236,2021-02-10,1.0,T,0,2,2,400.13
2046,S8,1054,2021-12-24,0.0,S,0,2,3,1516.13
11062,O97,3095,2021-07-01,1.0,O,0,2,2,667.4
7955,W74,3484,2021-02-26,,W,1,2,2,950.52
3747,W96,372,2021-10-14,0.0,W,0,1,3,1043.77
17589,N90,819,2021-07-12,1.0,N,1,1,2,290.41
13900,G95,2158,2021-09-25,1.0,G,1,2,1,528.43
3148,G66,1227,2021-10-17,0.0,G,0,1,3,525.33
5412,T40,2829,2021-06-03,0.0,T,0,2,1,598.76
13418,N90,889,2021-02-16,1.0,N,1,1,2,290.41
13534,S2,2985,2021-01-16,0.0,S,1,2,2,53.62
17667,G12,1042,2021-11-24,0.0,G,1,2,1,709.48
11612,O42,549,2021-02-09,1.0,O,0,2,3,1610.9
4505,N0,3487,2021-07-03,1.0,N,0,2,2,407.54
1679,S24,3225,2021-12-21,1.0,S,0,2,1,820.78
9185,O25,3309,2021-07-20,0.0,O,1,3,2,1203.4
19760,T14,3412,2021-11-05,1.0,T,1,2,3,1234.29
18512,S91,41,2021-11-13,1.0,S,1,2,2,75.26
11094,G33,1171,2021-05-03,1.0,G,1,2,3,1167.18
12930,W92,2836,2021-02-01,,W,1,2,3,1259.36
17957,O93,748,2021-09-15,1.0,O,1,3,2,874.9
19742,G1,1864,2021-04-27,0.0,G,1,2,2,954.82
10755,G35,656,2021-12-19,0.0,G,1,2,2,954.82
7288,S45,171,2021-10-26,1.0,S,1,2,2,84.99
12269,W93,1775,2021-11-07,1.0,W,1,2,2,230.09
5298,N29,1651,2021-01-20,0.0,N,0,2,2,407.54
12624,N79,1775,2021-05-10,1.0,N,1,2,2,818.01
4988,W48,1562,2021-08-04,1.0,W,1,2,2,950.52
10133,O19,2823,2021-08-24,0.0,O,0,3,1,32.445
4423,N34,1783,2021-03-02,1.0,N,0,3,1,464.72
19380,O61,2823,2021-08-09,0.0,O,1,1,2,56.93
16045,G33,1101,2021-06-08,0.0,G,1,2,3,1167.18
11993,S45,1905,2021-03-14,1.0,S,1,2,2,84.99
9701,T11,1555,2021-02-24,0.0,T,1,2,3,1580.47
168,G87,2267,2021-02-01,0.0,G,1,3,2,707.4
1584,G0,656,2021-10-19,1.0,G,1,2,1,528.43
2899,S13,1944,2021-10-05,1.0,S,1,2,2,826.51
17579,O0,1944,2021-12-24,1.0,O,1,3,2,136.73
12129,T27,1172,2021-03-26,0.0,T,1,2,2,388.72
5610,O0,1577,2021-10-22,1.0,O,1,1,2,56.93
3126,O42,456,2021-05-05,0.0,O,0,2,3,1610.9
5325,S6,1286,2021-07-16,0.0,S,1,3,2,448.9
19228,T45,3307,2021-12-13,0.0,T,0,1,2,234.43
3775,O30,3325,2021-08-11,1.0,O,1,2,2,770.89
11301,G11,1384,2021-05-26,0.0,G,1,3,2,764.96
5038,N69,1286,2021-11-08,1.0,N,0,2,1,795.1
3656,S97,1905,2021-06-28,0.0,S,1,2,1,151.96
19905,T55,2836,2021-05-13,0.0,T,0,2,1,598.76
10822,S97,3217,2021-06-08,1.0,S,1,2,1,151.96
2931,S17,1905,2021-12-19,0.0,S,1,3,2,614.8
5999,G66,2372,2021-11-11,0.0,G,0,1,3,525.33
17335,S62,1653,2021-05-06,,S,1,2,2,298.72
12209,W91,2125,2021-07-28,0.0,W,1,1,2,513.85
13953,G1,3421,2021-04-27,0.0,G,1,2,2,954.82
10855,S17,2778,2021-12-20,0.0,S,1,3,2,614.8
7426,S24,1670,2021-04-19,1.0,S,0,2,1,820.78
17654,N69,578,2021-04-28,1.0,N,0,2,1,795.1
2936,N88,1581,2021-11-23,1.0,N,1,2,2,381.1
7877,G35,1340,2021-07-25,1.0,G,1,2,2,954.82
9200,O52,3127,2021-08-14,0.0,O,0,2,2,829.51
3979,W54,1616,2021-08-05,0.0,W,1,2,2,778.69
14699,W26,1178,2021-01-24,1.0,W,1,2,2,762.63
6197,S18,1581,2021-10-21,0.0,S,1,2,2,431.45
10697,W96,1054,2021-01-14,1.0,W,0,1,3,1043.77
16446,S62,943,2021-03-09,1.0,S,1,2,2,298.72
599,T45,1059,2021-12-07,1.0,T,0,1,2,234.43
18893,S59,2267,2021-09-21,1.0,S,1,2,1,733.58
12295,S24,3115,2021-06-17,0.0,S,0,2,1,820.78
11492,G35,1821,2021-12-05,0.0,G,1,2,2,954.82
17755,O42,236,2021-12-23,0.0,O,0,2,3,1610.9
5238,S24,3470,2021-11-01,0.0,S,0,2,1,820.78
19351,G1,764,2021-06-12,1.0,G,1,2,2,954.82
8108,S91,2905,2021-10-15,0.0,S,1,2,2,75.26
4743,S21,943,2021-01-28,0.0,S,1,2,1,380.74
10939,G0,469,2021-07-14,0.0,G,1,2,2,173.18
1515,S38,3228,2021-04-27,1.0,S,1,2,2,826.51
2675,G69,2158,2021-05-02,0.0,G,0,2,2,594.68
13744,W48,2860,2021-11-30,1.0,W,1,2,2,950.52
12515,T80,1059,2021-08-03,1.0,T,1,2,1,596.55
13275,N77,1361,2021-11-14,0.0,N,0,2,1,795.1
17110,G35,237,2021-04-15,0.0,G,1,2,2,954.82
12438,N100,1751,2021-04-12,1.0,N,0,2,2,206.35
1509,N79,2065,2021-04-29,0.0,N,1,2,2,818.01
16433,O40,1384,2021-04-29,1.0,O,1,3,2,874.9
5371,S6,3011,2021-11-24,1.0,S,1,3,2,448.9
2267,N90,738,2021-02-01,0.0,N,1,1,2,290.41
10738,W65,2985,2021-06-10,1.0,W,1,2,2,778.69
18260,G2,1286,2021-10-24,0.0,G,0,1,3,525.33
1789,G82,2750,2021-11-17,0.0,G,0,2,2,829.65
15495,W50,2740,2021-02-05,0.0,W,1,2,3,131.92
13798,S8,1508,2021-09-29,1.0,S,0,2,3,1516.13
12170,N41,197,2021-01-23,0.0,N,1,1,2,748.9
714,S0,2554,2021-03-19,1.0,S,1,2,2,75.26
7586,O61,806,2021-11-28,0.0,O,1,1,2,56.93
9752,S66,3050,2021-08-01,1.0,S,1,2,2,589.27
13074,S41,3402,2021-08-23,1.0,S,0,2,2,312.74
1732,G1,3243,2021-05-10,0.0,G,1,2,2,954.82
6301,S22,1094,2021-01-14,1.0,S,1,2,2,431.45
7888,T0,1993,2021-06-10,1.0,T,0,2,2,215.14
13544,W50,328,2021-12-25,0.0,W,1,2,3,131.92
2771,O51,3470,2020-12-31,0.0,O,1,3,2,1203.4
2475,N77,2065,2021-05-28,1.0,N,0,2,1,795.1
15840,S22,2512,2021-05-13,1.0,S,1,2,2,431.45
15607,T14,1191,2021-01-25,0.0,T,1,2,3,1234.29
1194,S28,1944,2021-07-21,0.0,S,0,2,3,1516.13
4936,W96,2269,2021-08-03,1.0,W,0,1,3,1043.77
3835,T55,1566,2021-06-13,1.0,T,0,2,1,598.76
11471,O33,3221,2021-06-23,1.0,O,0,2,3,1610.9
18271,G60,328,2021-08-11,0.0,G,1,3,3,1759.85
14965,W31,1616,2021-06-04,0.0,W,1,2,2,205.36
19446,W92,1745,2021-11-24,0.0,W,1,2,3,1259.36
5626,S59,2415,2021-04-29,1.0,S,1,2,1,733.58
17474,G4,2847,2021-06-08,1.0,G,1,3,2,677.48
17670,T55,2269,2021-11-08,0.0,T,0,2,1,598.76
2765,S59,2173,2021-05-08,0.0,S,1,2,1,733.58
19898,N67,524,2021-08-13,1.0,N,0,2,2,376.84
7271,N61,2393,2021-08-22,1.0,N,1,2,3,521.94
1203,G1,1762,2021-05-22,0.0,G,1,2,2,954.82
9292,S2,3083,2021-09-23,1.0,S,1,2,2,53.62
4022,O86,827,2021-06-06,0.0,O,1,2,2,125.07
17543,N34,836,2021-10-18,1.0,N,0,3,1,464.72
15897,G33,764,2021-08-18,1.0,G,1,2,3,1167.18
12156,G25,209,2021-08-20,0.0,G,0,2,2,829.65
9851,G53,1555,2021-01-08,0.0,G,1,3,2,764.96
13551,O61,1797,2021-01-24,0.0,O,1,1,2,56.93
8177,W0,3282,2021-12-13,0.0,W,1,2,2,45.26
7957,S21,1471,2021-04-15,1.0,S,1,2,1,380.74
5080,T55,47,2021-01-16,0.0,T,0,2,1,598.76
7304,S18,1058,2021-03-20,0.0,S,1,2,2,431.45
10735,G69,1481,2021-11-30,1.0,G,0,2,2,594.68
18913,G4,2065,2021-05-18,0.0,G,1,3,2,677.48
478,T98,524,2021-01-17,1.0,T,1,3,2,215.03
18772,G11,2836,2021-12-16,1.0,G,1,3,2,764.96
9885,S17,3150,2021-08-06,1.0,S,1,3,2,614.8
1393,W65,2939,2021-03-11,0.0,W,1,2,2,778.69
4443,G25,2957,2021-03-08,1.0,G,0,2,2,829.65
6986,T0,298,2021-08-11,0.0,T,1,3,2,215.03
16757,S59,1481,2021-10-04,1.0,S,1,2,1,733.58
10602,G87,981,2021-05-24,1.0,G,1,3,2,707.4
12204,W65,2860,2021-01-09,0.0,W,1,2,2,778.69
10968,N69,1821,2021-10-28,0.0,N,0,2,1,795.1
6570,S0,2251,2021-06-26,1.0,S,1,2,2,84.99
2851,S24,1178,2021-10-11,1.0,S,0,2,1,820.78
3111,S38,610,2021-05-15,1.0,S,1,2,2,826.51
9108,T14,2418,2021-11-06,0.0,T,1,2,3,1234.29
7042,N9,1879,2021-01-09,1.0,N,1,2,3,1082.36
696,T64,1400,2021-07-05,0.0,T,1,2,1,596.55
87,T27,1233,2021-05-22,0.0,T,1,2,2,388.72
5179,N67,1601,2021-04-11,1.0,N,0,2,2,376.84
12782,S71,1762,2020-12-31,0.0,S,1,3,1,1105.75
16742,T49,2592,2021-05-30,0.0,T,0,2,2,400.13
3104,N0,1833,2021-12-19,0.0,N,1,1,2,290.41
8021,W48,2362,2021-11-14,0.0,W,1,2,2,950.52
18407,W76,2372,2021-10-26,0.0,W,1,1,2,513.85
2073,N88,1732,2021-08-13,1.0,N,1,2,2,381.1
13485,T40,237,2021-02-27,1.0,T,0,2,1,598.76
17663,G82,1094,2021-03-11,0.0,G,0,2,2,829.65
14752,T49,1481,2021-01-31,1.0,T,0,2,2,400.13
10314,T7,2463,2021-05-19,1.0,T,0,1,2,234.43
3423,T49,2155,2021-07-27,1.0,T,0,2,2,400.13
15771,G35,2512,2021-03-23,1.0,G,1,2,2,954.82
5737,T0,3050,2021-01-22,1.0,T,1,2,2,388.72
19994,N77,2618,2021-12-22,0.0,N,0,2,1,795.1
7279,N41,3028,2021-05-03,0.0,N,1,1,2,748.9
13400,W54,2770,2021-01-07,1.0,W,1,2,2,778.69
5237,N67,3285,2021-05-08,1.0,N,0,2,2,376.84
2246,T47,524,2021-05-30,1.0,T,0,1,3,1531.42
11200,W76,1864,2021-09-13,0.0,W,1,1,2,513.85
13139,G2,237,2021-02-25,1.0,G,0,1,3,525.33
2445,N29,2463,2021-07-02,1.0,N,0,2,2,407.54
12334,O0,2266,2021-04-12,0.0,O,1,1,2,56.93
2557,G69,39,2021-11-25,0.0,G,0,2,2,594.68
4940,N88,2592,2021-11-16,0.0,N,1,2,2,381.1
11361,W85,2473,2021-09-07,1.0,W,1,2,2,205.36
3455,W50,371,2021-12-20,0.0,W,1,2,3,131.92
10379,S59,1977,2021-09-07,1.0,S,1,2,1,733.58
9879,T40,2141,2021-08-09,0.0,T,0,2,1,598.76
14580,G89,1869,2021-11-18,0.0,G,1,2,1,582.48
1467,G89,1894,2021-08-26,0.0,G,1,2,1,582.48
6423,T99,1993,2021-10-08,1.0,T,0,1,3,1531.42
2897,N23,3221,2021-05-27,0.0,N,1,2,2,381.1
14081,O9,2415,2021-07-09,0.0,O,0,2,2,667.4
7091,N100,328,2021-12-06,0.0,N,0,2,2,206.35
6055,T80,602,2021-08-11,0.0,T,1,2,1,596.55
15194,T98,984,2021-07-18,0.0,T,1,3,2,215.03
3414,G1,2816,2021-12-21,0.0,G,1,2,2,954.82
19021,S43,2473,2021-07-31,0.0,S,1,2,2,649.49
5774,O61,2155,2021-12-10,0.0,O,1,1,2,56.93
396,N88,3366,2021-06-26,1.0,N,1,2,2,381.1
94,O86,1,2021-12-22,0.0,O,1,2,2,125.07
15661,T27,1783,2021-10-25,1.0,T,1,2,2,388.72
9870,W92,1353,2021-12-15,0.0,W,1,2,3,1259.36
3833,S22,247,2021-06-16,1.0,S,1,2,2,431.45
1733,S0,1879,2021-11-12,1.0,S,1,2,1,151.96
4033,T14,2836,2021-05-30,1.0,T,1,2,3,1234.29
688,O40,836,2021-07-31,0.0,O,1,3,2,874.9
4906,W93,1341,2021-10-15,1.0,W,1,2,2,230.09
9241,O9,1384,2021-03-02,0.0,O,0,2,2,667.4
13072,S71,679,2021-02-14,1.0,S,1,3,1,1105.75
10523,N69,2558,2021-07-01,0.0,N,0,2,1,795.1
8938,O61,2351,2021-05-14,1.0,O,1,1,2,56.93
46,S66,3053,2021-06-19,0.0,S,1,2,2,589.27
8886,O58,1691,2020-12-31,1.0,O,0,2,2,829.51
17345,N9,2750,2021-06-10,0.0,N,1,2,3,1082.36
9739,S38,3264,2021-02-02,1.0,S,1,2,2,826.51
4972,S21,1601,2021-12-10,1.0,S,1,2,1,380.74
18449,G0,3251,2021-01-12,0.0,G,1,2,1,528.43
201,T0,3208,2021-09-04,1.0,T,0,2,2,400.13
13234,N15,718,2021-11-25,1.0,N,1,1,2,748.9
10102,W22,3264,2021-03-20,0.0,W,1,2,2,45.26
1398,N15,2985,2021-07-27,1.0,N,1,1,2,748.9
13766,T70,717,2021-09-24,1.0,T,1,3,2,297.43
7408,T70,723,2021-07-05,0.0,T,1,3,2,297.43
6164,O0,1577,2021-08-29,1.0,O,1,3,2,136.73
17873,T0,2347,2021-08-09,0.0,T,0,2,2,215.14
1756,O61,3083,2021-01-20,0.0,O,1,1,2,56.93
17179,N28,1068,2021-06-21,1.0,N,1,2,3,1082.36
7461,G39,2860,2021-06-28,0.0,G,1,2,1,582.48
13226,S41,1906,2021-12-28,1.0,S,0,2,2,312.74
1702,W63,1074,2021-01-07,1.0,W,1,2,2,762.63
19949,N16,981,2021-11-25,0.0,N,1,3,3,1479.11
14339,W96,2552,2021-11-24,1.0,W,0,1,3,1043.77
6991,N100,2155,2021-01-05,1.0,N,0,2,2,206.35
5910,G25,41,2021-02-21,0.0,G,0,2,2,829.65
18403,N67,3499,2021-11-08,1.0,N,0,2,2,376.84
526,T20,827,2021-04-01,1.0,T,1,2,3,1580.47
6923,N100,2957,2021-09-22,0.0,N,0,2,2,206.35
9573,G12,1821,2021-04-27,0.0,G,1,2,1,709.48
524,O99,1171,2021-02-09,1.0,O,1,2,2,770.89
13483,N0,298,2021-07-26,0.0,N,0,2,2,376.84
4366,G94,3132,2021-03-16,0.0,G,1,2,1,993.66
14063,G95,47,2021-03-14,1.0,G,1,2,1,528.43
3923,N16,2837,2021-11-18,1.0,N,1,3,3,1479.11
8787,N34,610,2021-11-13,1.0,N,0,3,1,464.72
17775,S2,1745,2021-07-15,0.0,S,1,2,2,53.62
7974,N34,942,2021-02-16,,N,0,3,1,464.72
12814,G31,3150,2021-04-24,1.0,G,1,2,2,173.18
7077,G95,2152,2021-09-15,0.0,G,1,2,1,528.43
4549,W59,3208,2021-05-12,0.0,W,1,2,3,1259.36
17419,O93,578,2021-02-13,0.0,O,1,3,2,874.9
10940,T0,1478,2021-02-21,1.0,T,1,3,2,215.03
11614,S21,2763,2021-05-15,1.0,S,1,2,1,380.74
7368,S71,2267,2021-05-22,1.0,S,1,3,1,1105.75
12144,T7,821,2021-07-05,1.0,T,0,1,2,234.43
13574,W50,1581,2021-03-05,1.0,W,1,2,3,131.92
4578,S22,1391,2021-10-27,1.0,S,1,2,2,431.45
2236,T80,2266,2021-01-05,1.0,T,1,2,1,596.55
8481,G7,1410,2021-04-29,0.0,G,1,2,3,1167.18
162,G78,371,2021-12-10,0.0,G,1,2,1,709.48
19100,S17,209,2021-04-01,0.0,S,1,3,2,614.8
15811,G89,2162,2021-04-17,1.0,G,1,2,1,582.48
15453,N29,2316,2021-06-06,1.0,N,0,2,2,407.54
13019,W96,2484,2021-03-04,0.0,W,0,1,3,1043.77
17454,S21,1182,2021-07-29,1.0,S,1,2,1,380.74
4404,G11,2631,2021-06-15,0.0,G,1,3,2,764.96
18838,T14,1252,2021-09-27,0.0,T,1,2,3,1234.29
1895,S21,2778,2021-07-22,0.0,S,1,2,1,380.74
184,S71,2409,2021-07-04,1.0,S,1,3,1,1105.75
3929,N29,1864,2021-08-24,0.0,N,0,2,2,407.54
6657,G4,20,2021-10-31,1.0,G,1,3,2,677.48
6536,S91,1651,2021-03-12,1.0,S,1,2,2,75.26
18536,S62,1451,2021-07-08,1.0,S,1,2,2,298.72
5313,N86,2770,2021-01-30,1.0,N,0,3,1,464.72
19354,W74,296,2021-03-31,1.0,W,1,2,2,950.52
177,N90,2234,2021-04-12,0.0,N,1,1,2,290.41
18139,W22,570,2021-09-01,1.0,W,1,2,2,45.26
18168,G66,1361,2021-11-02,1.0,G,0,1,3,525.33
10545,N67,2763,2021-11-02,1.0,N,0,2,2,376.84
138,W29,1940,2021-08-01,0.0,W,1,2,2,230.09
15207,N100,1171,2021-11-25,0.0,N,0,2,2,206.35
3763,G69,1252,2021-05-11,1.0,G,0,2,2,594.68
16604,S97,41,2021-11-28,1.0,S,1,2,1,151.96
13864,W26,3217,2021-09-19,1.0,W,1,2,2,762.63
9296,N18,1340,2021-10-24,1.0,N,1,3,2,689.18
9050,T49,2550,2021-06-08,0.0,T,0,2,2,400.13
15274,N61,1993,2021-12-23,,N,1,2,3,521.94
7962,G25,464,2021-12-16,0.0,G,0,2,2,829.65
14829,T0,1821,2021-04-03,0.0,T,1,3,2,215.03
9591,G1,587,2021-06-22,1.0,G,1,2,2,954.82
16658,S97,592,2021-02-16,1.0,S,1,2,1,151.96
596,N86,1691,2021-01-31,0.0,N,0,3,1,464.72
14111,T7,868,2021-06-19,1.0,T,0,1,2,234.43
17510,S2,1849,2021-08-15,0.0,S,1,2,2,53.62
14741,T27,2416,2021-03-25,1.0,T,1,2,2,388.72
2926,W22,1783,2021-11-10,1.0,W,1,2,2,45.26
6217,W92,1564,2021-12-16,0.0,W,1,2,3,1259.36
2612,S18,1252,2021-08-19,0.0,S,1,2,2,431.45
1087,T7,806,2021-10-20,1.0,T,0,1,2,234.43
9360,N67,2316,2021-07-09,0.0,N,0,2,2,376.84
10952,O86,1324,2021-10-16,1.0,O,1,2,2,125.07
12761,S21,3303,2021-12-09,0.0,S,1,2,1,380.74
6590,O42,707,2021-04-05,1.0,O,0,2,3,1610.9
17169,G0,2384,2021-04-07,1.0,G,1,2,1,528.43
2739,W96,372,2021-07-21,0.0,W,0,1,3,1043.77
13352,W31,3251,2021-06-04,0.0,W,1,2,2,205.36
14796,S59,1709,2021-12-25,1.0,S,1,2,1,733.58
18083,G39,1762,2021-08-14,0.0,G,1,2,1,582.48
4976,O9,717,2021-03-03,0.0,O,0,2,2,667.4
18705,T20,2673,2021-02-01,1.0,T,1,2,3,1580.47
12055,O51,2592,2021-11-05,0.0,O,1,3,2,1203.4
11947,T49,738,2021-10-21,1.0,T,0,2,2,400.13
8515,W63,284,2021-07-28,1.0,W,1,2,2,762.63
10286,S14,2512,2021-07-31,0.0,S,1,3,1,1105.75
6100,G66,1191,2021-11-16,0.0,G,0,1,3,525.33
219,G2,3307,2021-11-12,0.0,G,0,1,3,525.33
6193,T70,3408,2021-05-04,0.0,T,1,3,2,297.43
3902,G1,3499,2021-06-21,1.0,G,1,2,2,954.82
9079,N79,2351,2021-01-21,1.0,N,1,2,2,818.01
14089,S17,549,2021-10-13,0.0,S,1,3,2,614.8
12981,N72,1178,2021-10-19,0.0,N,1,2,2,270.3
7046,G69,1207,2021-12-09,0.0,G,0,2,2,594.68
9023,S21,474,2021-09-23,1.0,S,1,2,1,380.74
19782,N16,1473,2021-05-07,1.0,N,1,3,3,1479.11
17403,T64,2447,2021-08-18,0.0,T,1,2,1,596.55
1082,N72,718,2021-09-11,0.0,N,1,2,2,270.3
14416,O86,746,2021-05-12,0.0,O,1,2,2,125.07
4437,O99,1068,2021-11-06,1.0,O,1,2,2,770.89
9785,N72,1,2021-01-04,0.0,N,1,2,2,270.3
2666,S28,298,2021-03-06,0.0,S,0,2,3,1516.13
